Station,Year,Month,Temp
Lista,1940,1,NaN
Lista,1940,2,NaN
Lista,1940,3,NaN
Lista,1940,4,NaN
Lista,1940,5,NaN
Lista,1940,6,NaN
Lista,1940,7,NaN
Lista,1940,8,NaN
Lista,1940,9,NaN
Lista,1940,10,NaN
Lista,1940,11,NaN
Lista,1940,12,NaN
Lista,1941,1,NaN
Lista,1941,2,NaN
Lista,1941,3,NaN
Lista,1941,4,NaN
Lista,1941,5,NaN
Lista,1941,6,NaN
Lista,1941,7,NaN
Lista,1941,8,NaN
Lista,1941,9,NaN
Lista,1941,10,NaN
Lista,1941,11,NaN
Lista,1941,12,NaN
Lista,1942,1,2.40464646464646
Lista,1942,2,2.53691919191919
Lista,1942,3,4.4540404040404
Lista,1942,4,4.23469696969697
Lista,1942,5,5.53828282828283
Lista,1942,6,6.12464646464646
Lista,1942,7,6.97954545454545
Lista,1942,8,9.70348484848485
Lista,1942,9,NaN
Lista,1942,10,NaN
Lista,1942,11,NaN
Lista,1942,12,NaN
Lista,1943,1,5.66611111111111
Lista,1943,2,5.72116161616162
Lista,1943,3,5.06378787878788
Lista,1943,4,6.14510101010101
Lista,1943,5,7.84792929292929
Lista,1943,6,9.1159595959596
Lista,1943,7,11.0109595959596
Lista,1943,8,12.060505050505
Lista,1943,9,10.7131818181818
Lista,1943,10,NaN
Lista,1943,11,9.95186868686869
Lista,1943,12,NaN
Lista,1944,1,7.41954545454545
Lista,1944,2,5.76308080808081
Lista,1944,3,5.80707070707071
Lista,1944,4,5.20156565656566
Lista,1944,5,6.64545454545455
Lista,1944,6,7.87151515151515
Lista,1944,7,10.1808080808081
Lista,1944,8,9.65141414141414
Lista,1944,9,13.1317676767677
Lista,1944,10,11.8880303030303
Lista,1944,11,10.34
Lista,1944,12,9.65611111111111
Lista,1945,1,3.7670202020202
Lista,1945,2,5.04277777777778
Lista,1945,3,5.57686868686869
Lista,1945,4,5.13535353535354
Lista,1945,5,6.4929797979798
Lista,1945,6,8.84616161616162
Lista,1945,7,10.8322222222222
Lista,1945,8,10.9687373737374
Lista,1945,9,12.5058585858586
Lista,1945,10,NaN
Lista,1945,11,NaN
Lista,1945,12,NaN
Lista,1946,1,6.54626262626263
Lista,1946,2,5.39242424242424
Lista,1946,3,4.30984848484848
Lista,1946,4,5.65166666666667
Lista,1946,5,6.36409090909091
Lista,1946,6,7.25459595959596
Lista,1946,7,10.3101515151515
Lista,1946,8,12.8838383838384
Lista,1946,9,12.9399494949495
Lista,1946,10,10.9120202020202
Lista,1946,11,9.80005050505051
Lista,1946,12,8.48681818181818
Lista,1947,1,5.32166666666667
Lista,1947,2,5.06419191919192
Lista,1947,3,3.57686868686869
Lista,1947,4,5.06878787878788
Lista,1947,5,5.53631313131313
Lista,1947,6,8.13838383838384
Lista,1947,7,9.17979797979798
Lista,1947,8,7.87439393939394
Lista,1947,9,13.2366666666667
Lista,1947,10,11.1760606060606
Lista,1947,11,9.93782828282828
Lista,1947,12,7.58111111111111
Lista,1948,1,5.54651515151515
Lista,1948,2,NaN
Lista,1948,3,5.20237373737374
Lista,1948,4,5.79232323232323
Lista,1948,5,6.01530303030303
Lista,1948,6,7.18328282828283
Lista,1948,7,NaN
Lista,1948,8,NaN
Lista,1948,9,12.2538888888889
Lista,1948,10,11.0139393939394
Lista,1948,11,10.0936868686869
Lista,1948,12,7.28888888888889
Lista,1949,1,7.51742424242424
Lista,1949,2,6.18237373737374
Lista,1949,3,5.90358585858586
Lista,1949,4,5.70035353535354
Lista,1949,5,NaN
Lista,1949,6,NaN
Lista,1949,7,NaN
Lista,1949,8,NaN
Lista,1949,9,NaN
Lista,1949,10,11.919797979798
Lista,1949,11,9.65454545454545
Lista,1949,12,8.77419191919192
Lista,1950,1,6.47146464646465
Lista,1950,2,4.98414141414141
Lista,1950,3,5.86272727272727
Lista,1950,4,5.63616161616162
Lista,1950,5,NaN
Lista,1950,6,7.31944444444444
Lista,1950,7,10.0111616161616
Lista,1950,8,12.1011111111111
Lista,1950,9,NaN
Lista,1950,10,NaN
Lista,1950,11,NaN
Lista,1950,12,9.25691919191919
Lista,1951,1,5.09752525252525
Lista,1951,2,4.76530303030303
Lista,1951,3,5.12823232323232
Lista,1951,4,4.87742424242424
Lista,1951,5,4.5099494949495
Lista,1951,6,5.27262626262626
Lista,1951,7,NaN
Lista,1951,8,NaN
Lista,1951,9,13.5956565656566
Lista,1951,10,12.1251515151515
Lista,1951,11,9.36888888888889
Lista,1951,12,7.51333333333333
Lista,1952,1,6.44242424242424
Lista,1952,2,5.48757575757576
Lista,1952,3,NaN
Lista,1952,4,5.03525252525253
Lista,1952,5,5.67126262626263
Lista,1952,6,8.77414141414141
Lista,1952,7,9.90707070707071
Lista,1952,8,10.4248484848485
Lista,1952,9,13.5057575757576
Lista,1952,10,12.9629292929293
Lista,1952,11,9.76363636363636
Lista,1952,12,9.04570707070707
Lista,1953,1,6.71525252525252
Lista,1953,2,4.81479797979798
Lista,1953,3,NaN
Lista,1953,4,NaN
Lista,1953,5,NaN
Lista,1953,6,NaN
Lista,1953,7,NaN
Lista,1953,8,13.7832653061224
Lista,1953,9,NaN
Lista,1953,10,9.25989898989899
Lista,1953,11,NaN
Lista,1953,12,NaN
Lista,1954,1,7.52363636363636
Lista,1954,2,NaN
Lista,1954,3,NaN
Lista,1954,4,NaN
Lista,1954,5,NaN
Lista,1954,6,NaN
Lista,1954,7,NaN
Lista,1954,8,NaN
Lista,1954,9,13.3263131313131
Lista,1954,10,12.6335858585859
Lista,1954,11,NaN
Lista,1954,12,9.92055555555556
Lista,1955,1,NaN
Lista,1955,2,NaN
Lista,1955,3,NaN
Lista,1955,4,NaN
Lista,1955,5,NaN
Lista,1955,6,NaN
Lista,1955,7,NaN
Lista,1955,8,NaN
Lista,1955,9,NaN
Lista,1955,10,NaN
Lista,1955,11,NaN
Lista,1955,12,NaN
Lista,1956,1,NaN
Lista,1956,2,NaN
Lista,1956,3,NaN
Lista,1956,4,NaN
Lista,1956,5,NaN
Lista,1956,6,NaN
Lista,1956,7,NaN
Lista,1956,8,NaN
Lista,1956,9,NaN
Lista,1956,10,NaN
Lista,1956,11,NaN
Lista,1956,12,NaN
Lista,1957,1,NaN
Lista,1957,2,NaN
Lista,1957,3,NaN
Lista,1957,4,NaN
Lista,1957,5,NaN
Lista,1957,6,NaN
Lista,1957,7,NaN
Lista,1957,8,11.9420707070707
Lista,1957,9,NaN
Lista,1957,10,NaN
Lista,1957,11,NaN
Lista,1957,12,NaN
Lista,1958,1,4.78212121212121
Lista,1958,2,NaN
Lista,1958,3,4.83333333333333
Lista,1958,4,NaN
Lista,1958,5,NaN
Lista,1958,6,NaN
Lista,1958,7,NaN
Lista,1958,8,11.5084343434343
Lista,1958,9,NaN
Lista,1958,10,11.9736868686869
Lista,1958,11,10.0035353535354
Lista,1958,12,7.76005050505051
Lista,1959,1,NaN
Lista,1959,2,6.35060606060606
Lista,1959,3,NaN
Lista,1959,4,5.44868686868687
Lista,1959,5,6.48570707070707
Lista,1959,6,7.95878787878788
Lista,1959,7,10.9307575757576
Lista,1959,8,11.3718686868687
Lista,1959,9,11.7363636363636
Lista,1959,10,12.2943434343434
Lista,1959,11,10.8513636363636
Lista,1959,12,7.99747474747475
Lista,1960,1,7.27035353535353
Lista,1960,2,4.81949494949495
Lista,1960,3,5.4229797979798
Lista,1960,4,5.66151515151515
Lista,1960,5,6.23277777777778
Lista,1960,6,8.13161616161616
Lista,1960,7,10.3957070707071
Lista,1960,8,11.6915151515152
Lista,1960,9,10.7181818181818
Lista,1960,10,12.0978282828283
Lista,1960,11,10.0482828282828
Lista,1960,12,8.47257575757576
Lista,1961,1,6.21368686868687
Lista,1961,2,5.26310810810811
Lista,1961,3,NaN
Lista,1961,4,5.76641414141414
Lista,1961,5,6.10020202020202
Lista,1961,6,7.97191919191919
Lista,1961,7,10.690202020202
Lista,1961,8,11.9896464646465
Lista,1961,9,12.8635353535354
Lista,1961,10,10.615303030303
Lista,1961,11,8.07176767676768
Lista,1961,12,8.90732323232323
Lista,1962,1,5.58732323232323
Lista,1962,2,5.8459595959596
Lista,1962,3,3.91116161616162
Lista,1962,4,4.64949494949495
Lista,1962,5,6.83656565656566
Lista,1962,6,6.26818181818182
Lista,1962,7,8.41722222222222
Lista,1962,8,10.0982323232323
Lista,1962,9,13.4419191919192
Lista,1962,10,12.1256565656566
Lista,1962,11,11.6643434343434
Lista,1962,12,8.50651515151515
Lista,1963,1,6.81055555555556
Lista,1963,2,5.2940404040404
Lista,1963,3,4.29611111111111
Lista,1963,4,5.02055555555556
Lista,1963,5,5.9019696969697
Lista,1963,6,5.23131313131313
Lista,1963,7,8.17227272727273
Lista,1963,8,10.199696969697
Lista,1963,9,12.7861616161616
Lista,1963,10,11.3126262626263
Lista,1963,11,9.78651515151515
Lista,1963,12,8.25590909090909
Lista,1964,1,6.89252525252525
Lista,1964,2,5.705
Lista,1964,3,4.78818181818182
Lista,1964,4,5.51323232323232
Lista,1964,5,6.46868686868687
Lista,1964,6,7.07959595959596
Lista,1964,7,10.4782323232323
Lista,1964,8,11.7045454545455
Lista,1964,9,13.3012121212121
Lista,1964,10,11.7391919191919
Lista,1964,11,8.86868686868687
Lista,1964,12,8.62020202020202
Lista,1965,1,6.38792929292929
Lista,1965,2,5.65207070707071
Lista,1965,3,6.08237373737374
Lista,1965,4,5.38782828282828
Lista,1965,5,5.81338383838384
Lista,1965,6,5.67984848484848
Lista,1965,7,9.21186868686869
Lista,1965,8,9.8770202020202
Lista,1965,9,12.1110101010101
Lista,1965,10,11.9780808080808
Lista,1965,11,NaN
Lista,1965,12,7.93585858585859
Lista,1966,1,3.76924242424242
Lista,1966,2,3.91065656565657
Lista,1966,3,4.35853535353535
Lista,1966,4,3.53585858585859
Lista,1966,5,4.10510101010101
Lista,1966,6,NaN
Lista,1966,7,NaN
Lista,1966,8,NaN
Lista,1966,9,10.5984343434343
Lista,1966,10,11.2269696969697
Lista,1966,11,12.1304545454545
Lista,1966,12,6.57373737373737
Lista,1967,1,6.48732323232323
Lista,1967,2,4.12242424242424
Lista,1967,3,NaN
Lista,1967,4,5.37954545454545
Lista,1967,5,NaN
Lista,1967,6,NaN
Lista,1967,7,NaN
Lista,1967,8,NaN
Lista,1967,9,NaN
Lista,1967,10,NaN
Lista,1967,11,NaN
Lista,1967,12,NaN
Lista,1968,1,NaN
Lista,1968,2,NaN
Lista,1968,3,NaN
Lista,1968,4,NaN
Lista,1968,5,6.2479797979798
Lista,1968,6,6.57959595959596
Lista,1968,7,8.62262626262626
Lista,1968,8,10.3772222222222
Lista,1968,9,NaN
Lista,1968,10,NaN
Lista,1968,11,NaN
Lista,1968,12,NaN
Lista,1969,1,5.20030303030303
Lista,1969,2,5.59227272727273
Lista,1969,3,4.40656565656566
Lista,1969,4,NaN
Lista,1969,5,5.51737373737374
Lista,1969,6,6.12424242424242
Lista,1969,7,7.47666666666667
Lista,1969,8,10.6567171717172
Lista,1969,9,11.6408585858586
Lista,1969,10,11.7259595959596
Lista,1969,11,9.19868686868687
Lista,1969,12,6.85888888888889
Lista,1970,1,4.81656565656566
Lista,1970,2,NaN
Lista,1970,3,5.73338383838384
Lista,1970,4,4.83949494949495
Lista,1970,5,4.72161616161616
Lista,1970,6,5.94242424242424
Lista,1970,7,8.51166666666667
Lista,1970,8,11.230101010101
Lista,1970,9,9.34767676767677
Lista,1970,10,11.3327272727273
Lista,1970,11,NaN
Lista,1970,12,5.35873737373737
Lista,1971,1,NaN
Lista,1971,2,4.79257575757576
Lista,1971,3,4.82444444444444
Lista,1971,4,6.21878787878788
Lista,1971,5,6.36454545454546
Lista,1971,6,6.58535353535354
Lista,1971,7,8.56929292929293
Lista,1971,8,10.4260606060606
Lista,1971,9,11.8488383838384
Lista,1971,10,12.1420707070707
Lista,1971,11,9.93414141414141
Lista,1971,12,8.19217171717172
Lista,1972,1,5.81611111111111
Lista,1972,2,4.94035353535354
Lista,1972,3,4.73868686868687
Lista,1972,4,6.19287878787879
Lista,1972,5,6.62388888888889
Lista,1972,6,NaN
Lista,1972,7,9.37616161616162
Lista,1972,8,8.15717171717172
Lista,1972,9,10.7540404040404
Lista,1972,10,10.799494949495
Lista,1972,11,10.3502525252525
Lista,1972,12,8.63838383838384
Lista,1973,1,6.98363636363636
Lista,1973,2,6.10444444444444
Lista,1973,3,6.04005050505051
Lista,1973,4,5.94762626262626
Lista,1973,5,6.87636363636364
Lista,1973,6,8.59494949494949
Lista,1973,7,8.93227272727273
Lista,1973,8,10.4436363636364
Lista,1973,9,10.6235353535354
Lista,1973,10,9.1400505050505
Lista,1973,11,9.41626262626263
Lista,1973,12,8.46949494949495
Lista,1974,1,5.14565656565657
Lista,1974,2,4.74661616161616
Lista,1974,3,4.94116161616162
Lista,1974,4,6.00191919191919
Lista,1974,5,6.585
Lista,1974,6,7.48232323232323
Lista,1974,7,8.93313131313131
Lista,1974,8,11.4022222222222
Lista,1974,9,12.4389393939394
Lista,1974,10,10.625303030303
Lista,1974,11,10.2559595959596
Lista,1974,12,NaN
Lista,1975,1,6.97333333333333
Lista,1975,2,5.72520202020202
Lista,1975,3,5.85681818181818
Lista,1975,4,6.52323232323232
Lista,1975,5,6.89060606060606
Lista,1975,6,7.24616161616162
Lista,1975,7,7.64611111111111
Lista,1975,8,10.8148484848485
Lista,1975,9,13.7187373737374
Lista,1975,10,11.665404040404
Lista,1975,11,8.23176767676768
Lista,1975,12,NaN
Lista,1976,1,6.86080808080808
Lista,1976,2,5.6069696969697
Lista,1976,3,4.96363636363636
Lista,1976,4,6.05666666666667
Lista,1976,5,6.53671717171717
Lista,1976,6,6.66641414141414
Lista,1976,7,8.96015151515152
Lista,1976,8,NaN
Lista,1976,9,11.4243434343434
Lista,1976,10,11.7585858585859
Lista,1976,11,11.0123737373737
Lista,1976,12,9.23469696969697
Lista,1977,1,5.48590909090909
Lista,1977,2,3.68328282828283
Lista,1977,3,3.36747474747475
Lista,1977,4,5.32621212121212
Lista,1977,5,5.8189898989899
Lista,1977,6,6.90141414141414
Lista,1977,7,9.11489898989899
Lista,1977,8,9.26828282828283
Lista,1977,9,9.61409090909091
Lista,1977,10,9.03994949494949
Lista,1977,11,9.15858585858586
Lista,1977,12,9.82651515151515
Lista,1978,1,6.38919191919192
Lista,1978,2,3.68873737373737
Lista,1978,3,3.75868686868687
Lista,1978,4,4.69585858585859
Lista,1978,5,NaN
Lista,1978,6,NaN
Lista,1978,7,8.85540404040404
Lista,1978,8,NaN
Lista,1978,9,10.5990404040404
Lista,1978,10,11.1844444444444
Lista,1978,11,10.9484343434343
Lista,1978,12,8.86161616161616
Lista,1979,1,4.34787878787879
Lista,1979,2,4.52737373737374
Lista,1979,3,4.02050505050505
Lista,1979,4,3.66823232323232
Lista,1979,5,5.07873737373737
Lista,1979,6,6.21772727272727
Lista,1979,7,7.97707070707071
Lista,1979,8,10.6268686868687
Lista,1979,9,9.13782828282828
Lista,1979,10,10.3595454545455
Lista,1979,11,10.3251515151515
Lista,1979,12,6.76318181818182
Lista,1980,1,4.06873737373737
Lista,1980,2,2.75636363636364
Lista,1980,3,4.91065656565657
Lista,1980,4,4.78974747474747
Lista,1980,5,5.62267676767677
Lista,1980,6,NaN
Lista,1980,7,10.8893939393939
Lista,1980,8,10.5214646464646
Lista,1980,9,11.5401515151515
Lista,1980,10,10.7685353535354
Lista,1980,11,9.27489898989899
Lista,1980,12,7.64631313131313
Lista,1981,1,6.33191919191919
Lista,1981,2,3.95479797979798
Lista,1981,3,3.93176767676768
Lista,1981,4,4.74136363636364
Lista,1981,5,6.35328282828283
Lista,1981,6,7.55757575757576
Lista,1981,7,8.63419191919192
Lista,1981,8,9.89434343434343
Lista,1981,9,10.5618686868687
Lista,1981,10,10.9984343434343
Lista,1981,11,9.08747474747475
Lista,1981,12,7.25883838383838
Lista,1982,1,NaN
Lista,1982,2,4.77388888888889
Lista,1982,3,4.43358585858586
Lista,1982,4,4.53818181818182
Lista,1982,5,5.72015151515151
Lista,1982,6,6.96080808080808
Lista,1982,7,8.65833333333333
Lista,1982,8,NaN
Lista,1982,9,11.3706565656566
Lista,1982,10,12.4393434343434
Lista,1982,11,9.63439393939394
Lista,1982,12,6.16909090909091
Lista,1983,1,7.25530303030303
Lista,1983,2,5.53691919191919
Lista,1983,3,4.12858585858586
Lista,1983,4,5.12358585858586
Lista,1983,5,6.5060606060606
Lista,1983,6,6.90338383838384
Lista,1983,7,9.03090909090909
Lista,1983,8,9.75717171717172
Lista,1983,9,11.9374747474747
Lista,1983,10,11.4119696969697
Lista,1983,11,10.815202020202
Lista,1983,12,9.05252525252525
Lista,1984,1,5.14782828282828
Lista,1984,2,3.64146464646465
Lista,1984,3,4.44626262626263
Lista,1984,4,5.23914141414141
Lista,1984,5,6.71343434343434
Lista,1984,6,6.7120202020202
Lista,1984,7,7.37191919191919
Lista,1984,8,9.97146464646465
Lista,1984,9,11.1661111111111
Lista,1984,10,9.83050505050505
Lista,1984,11,10.2815151515152
Lista,1984,12,7.88257575757576
Lista,1985,1,7.13005050505051
Lista,1985,2,6.05893939393939
Lista,1985,3,4.27974747474747
Lista,1985,4,5.14323232323232
Lista,1985,5,5.24131313131313
Lista,1985,6,5.98762626262626
Lista,1985,7,8.86439393939394
Lista,1985,8,11.4711616161616
Lista,1985,9,11.0228282828283
Lista,1985,10,10.9942929292929
Lista,1985,11,10.3790909090909
Lista,1985,12,9.17813131313131
Lista,1986,1,5.53141414141414
Lista,1986,2,3.96434343434343
Lista,1986,3,5.38661616161616
Lista,1986,4,4.9500505050505
Lista,1986,5,5.28590909090909
Lista,1986,6,6.54207070707071
Lista,1986,7,8.78151515151515
Lista,1986,8,12.6011616161616
Lista,1986,9,13.1553535353535
Lista,1986,10,11.7880808080808
Lista,1986,11,9.21752525252525
Lista,1986,12,7.78131313131313
Lista,1987,1,5.59565656565657
Lista,1987,2,5.50166666666667
Lista,1987,3,4.43060606060606
Lista,1987,4,4.93227272727273
Lista,1987,5,4.60686868686869
Lista,1987,6,6.27520202020202
Lista,1987,7,7.6879797979798
Lista,1987,8,9.42282828282828
Lista,1987,9,10.5196464646465
Lista,1987,10,9.71782828282828
Lista,1987,11,10.2963636363636
Lista,1987,12,7.94262626262626
Lista,1988,1,6.31813131313131
Lista,1988,2,6.57010101010101
Lista,1988,3,5.00227272727273
Lista,1988,4,5.88050505050505
Lista,1988,5,6.80984848484849
Lista,1988,6,6.86873737373737
Lista,1988,7,8.55171717171717
Lista,1988,8,12.4726767676768
Lista,1988,9,10.855202020202
Lista,1988,10,11.4035353535354
Lista,1988,11,11.3956565656566
Lista,1988,12,8.85712121212121
Lista,1989,1,6.66424242424242
Lista,1989,2,6.42055555555556
Lista,1989,3,5.87111111111111
Lista,1989,4,6.23843434343434
Lista,1989,5,7.13873737373737
Lista,1989,6,NaN
Lista,1989,7,10.0886868686869
Lista,1989,8,11.3500505050505
Lista,1989,9,11.5488383838384
Lista,1989,10,12.1358080808081
Lista,1989,11,10.22
Lista,1989,12,7.7259595959596
Lista,1990,1,7.21232323232323
Lista,1990,2,6.79782828282828
Lista,1990,3,6.41070707070707
Lista,1990,4,6.87075757575758
Lista,1990,5,7.25752525252525
Lista,1990,6,8.5810101010101
Lista,1990,7,11.5927777777778
Lista,1990,8,NaN
Lista,1990,9,12.4678282828283
Lista,1990,10,11.0657575757576
Lista,1990,11,11.154595959596
Lista,1990,12,8.96393939393939
Lista,1991,1,6.94434343434343
Lista,1991,2,6.18257575757576
Lista,1991,3,5.17909090909091
Lista,1991,4,6.62964646464646
Lista,1991,5,6.36525252525252
Lista,1991,6,8.14070707070707
Lista,1991,7,10.5649494949495
Lista,1991,8,11.0696464646465
Lista,1991,9,13.0835353535354
Lista,1991,10,11.5151515151515
Lista,1991,11,10.6616666666667
Lista,1991,12,8.87924242424242
Lista,1992,1,7.24959595959596
Lista,1992,2,NaN
Lista,1992,3,5.92247474747475
Lista,1992,4,5.86044444444445
Lista,1992,5,7.17138888888889
Lista,1992,6,8.02372727272727
Lista,1992,7,7.99434343434343
Lista,1992,8,11.6252121212121
Lista,1992,9,NaN
Lista,1992,10,12.5107070707071
Lista,1992,11,10.5187878787879
Lista,1992,12,9.25060606060606
Lista,1993,1,5.86958585858586
Lista,1993,2,6.31708585858586
Lista,1993,3,6.00018686868687
Lista,1993,4,5.69840404040404
Lista,1993,5,6.89362626262626
Lista,1993,6,7.11423737373737
Lista,1993,7,9.81680808080808
Lista,1993,8,10.5480606060606
Lista,1993,9,13.0653787878788
Lista,1993,10,10.8884747474747
Lista,1993,11,9.46020707070707
Lista,1993,12,8.55009595959596
Lista,1994,1,5.61713131313131
Lista,1994,2,3.5264696969697
Lista,1994,3,3.87534848484849
Lista,1994,4,4.47186363636364
Lista,1994,5,5.95545454545455
Lista,1994,6,7.35139393939394
Lista,1994,7,10.388202020202
Lista,1994,8,9.76544444444444
Lista,1994,9,10.4985858585859
Lista,1994,10,9.1924696969697
Lista,1994,11,7.93877777777778
Lista,1994,12,6.76370202020202
Lista,1995,1,7.32920707070707
Lista,1995,2,6.23590909090909
Lista,1995,3,5.05152525252525
Lista,1995,4,5.55011111111111
Lista,1995,5,6.50735353535354
Lista,1995,6,7.50114646464646
Lista,1995,7,7.60622727272727
Lista,1995,8,9.67883333333333
Lista,1995,9,9.78676767676768
Lista,1995,10,10.8313535353535
Lista,1995,11,9.66355555555556
Lista,1995,12,9.15266161616162
Lista,1996,1,5.14281313131313
Lista,1996,2,4.96434343434343
Lista,1996,3,5.98361616161616
Lista,1996,4,6.11416666666667
Lista,1996,5,6.56848484848485
Lista,1996,6,6.6550202020202
Lista,1996,7,9.24288888888889
Lista,1996,8,11.7779646464646
Lista,1996,9,9.76412626262626
Lista,1996,10,10.7278686868687
Lista,1996,11,9.30374242424242
Lista,1996,12,7.84466666666667
Lista,1997,1,6.2909898989899
Lista,1997,2,6.3165
Lista,1997,3,4.76722222222222
Lista,1997,4,5.53637878787879
Lista,1997,5,6.62777272727273
Lista,1997,6,8.39657070707071
Lista,1997,7,8.91832828282828
Lista,1997,8,12.6167676767677
Lista,1997,9,10.9767070707071
Lista,1997,10,9.87786868686869
Lista,1997,11,10.0581313131313
Lista,1997,12,8.12966666666667
Lista,1998,1,7.1640303030303
Lista,1998,2,7.07101515151515
Lista,1998,3,5.55042929292929
Lista,1998,4,5.39515151515152
Lista,1998,5,6.10519191919192
Lista,1998,6,7.64752525252525
Lista,1998,7,11.5403737373737
Lista,1998,8,12.9724191919192
Lista,1998,9,11.4040252525253
Lista,1998,10,11.2746363636364
Lista,1998,11,9.83376262626263
Lista,1998,12,7.40750505050505
Lista,1999,1,5.37337878787879
Lista,1999,2,5.52584848484848
Lista,1999,3,5.15893434343434
Lista,1999,4,5.27776767676768
Lista,1999,5,6.34308080808081
Lista,1999,6,8.1675202020202
Lista,1999,7,10.7164191919192
Lista,1999,8,11.3409595959596
Lista,1999,9,11.9331868686869
Lista,1999,10,12.4279595959596
Lista,1999,11,9.20439898989899
Lista,1999,12,8.23362121212121
Lista,2000,1,7.22017676767677
Lista,2000,2,6.28896464646465
Lista,2000,3,5.46273232323232
Lista,2000,4,5.82925252525253
Lista,2000,5,6.77940404040404
Lista,2000,6,9.146
Lista,2000,7,10.4233737373737
Lista,2000,8,11.8912525252525
Lista,2000,9,12.605595959596
Lista,2000,10,12.5012121212121
Lista,2000,11,11.4636414141414
Lista,2000,12,8.87320202020202
Lista,2001,1,7.85369696969697
Lista,2001,2,6.54022727272727
Lista,2001,3,4.90660606060606
Lista,2001,4,5.22359595959596
Lista,2001,5,5.7459898989899
Lista,2001,6,7.89009595959596
Lista,2001,7,9.85062626262626
Lista,2001,8,12.6665151515152
Lista,2001,9,11.6835505050505
Lista,2001,10,12.9299646464646
Lista,2001,11,11.8539343434343
Lista,2001,12,9.28159595959596
Lista,2002,1,7.84862626262626
Lista,2002,2,6.50920202020202
Lista,2002,3,5.56717676767677
Lista,2002,4,6.38290909090909
Lista,2002,5,7.1889797979798
Lista,2002,6,8.36971717171717
Lista,2002,7,10.9928484848485
Lista,2002,8,12.8794696969697
Lista,2002,9,12.8317222222222
Lista,2002,10,11.1483434343434
Lista,2002,11,11.6455252525253
Lista,2002,12,9.27411111111111
Lista,2003,1,5.82661111111111
Lista,2003,2,3.98786363636364
Lista,2003,3,NaN
Lista,2003,4,5.5594898989899
Lista,2003,5,7.52592929292929
Lista,2003,6,8.1299494949495
Lista,2003,7,11.1343484848485
Lista,2003,8,11.4082929292929
Lista,2003,9,12.9459444444444
Lista,2003,10,10.9783686868687
Lista,2003,11,8.27674242424242
Lista,2003,12,6.04362626262626
Lista,2004,1,6.35924242424242
Lista,2004,2,5.7269595959596
Lista,2004,3,5.74596464646465
Lista,2004,4,6.27535353535354
Lista,2004,5,6.67887878787879
Lista,2004,6,7.85871717171717
Lista,2004,7,11.2077727272727
Lista,2004,8,12.3741313131313
Lista,2004,9,12.5431313131313
Lista,2004,10,12.6403333333333
Lista,2004,11,11.5937878787879
Lista,2004,12,9.19068686868687
Lista,2005,1,6.93725757575758
Lista,2005,2,5.5425
Lista,2005,3,5.58751515151515
Lista,2005,4,6.76109595959596
Lista,2005,5,7.31850505050505
Lista,2005,6,8.57785353535354
Lista,2005,7,9.36758585858586
Lista,2005,8,10.9701515151515
Lista,2005,9,13.5404696969697
Lista,2005,10,13.220196969697
Lista,2005,11,11.1492575757576
Lista,2005,12,9.31522222222222
Lista,2006,1,6.20834343434343
Lista,2006,2,6.99572727272727
Lista,2006,3,4.72346464646465
Lista,2006,4,6.12026262626263
Lista,2006,5,6.33212121212121
Lista,2006,6,7.3990404040404
Lista,2006,7,9.86130303030303
Lista,2006,8,12.232398989899
Lista,2006,9,12.8904747474747
Lista,2006,10,12.4937777777778
Lista,2006,11,12.043303030303
Lista,2006,12,8.97377777777778
Lista,2007,1,8.03844949494949
Lista,2007,2,6.44844444444444
Lista,2007,3,5.94669191919192
Lista,2007,4,7.34342424242424
Lista,2007,5,8.40512121212121
Lista,2007,6,8.66661111111111
Lista,2007,7,10.3418585858586
Lista,2007,8,13.8724646464646
Lista,2007,9,13.1054393939394
Lista,2007,10,13.5752222222222
Lista,2007,11,12.2710454545455
Lista,2007,12,10.9213333333333
Lista,2008,1,7.8964797979798
Lista,2008,2,6.1674494949495
Lista,2008,3,6.20634848484849
Lista,2008,4,6.09757575757576
Lista,2008,5,6.69878787878788
Lista,2008,6,8.81258080808081
Lista,2008,7,12.734601010101
Lista,2008,8,12.888696969697
Lista,2008,9,12.3924090909091
Lista,2008,10,10.9496868686869
Lista,2008,11,10.4458535353535
Lista,2008,12,8.9204595959596
Lista,2009,1,6.7330202020202
Lista,2009,2,5.84232323232323
Lista,2009,3,5.77936363636364
Lista,2009,4,6.34277777777778
Lista,2009,5,6.48708080808081
Lista,2009,6,8.65291919191919
Lista,2009,7,11.6559696969697
Lista,2009,8,13.5150606060606
Lista,2009,9,13.9326313131313
Lista,2009,10,12.6463434343434
Lista,2009,11,10.9175505050505
Lista,2009,12,8.82050505050505
Lista,2010,1,7.65562121212121
Lista,2010,2,5.28990909090909
Lista,2010,3,6.5369898989899
Lista,2010,4,6.38699494949495
Lista,2010,5,6.01042929292929
Lista,2010,6,7.00627777777778
Lista,2010,7,9.68041919191919
Lista,2010,8,10.7511868686869
Lista,2010,9,11.079398989899
Lista,2010,10,10.2608535353535
Lista,2010,11,10.3420151515152
Lista,2010,12,NaN
Lista,2011,1,5.82527777777778
Lista,2011,2,4.74453535353535
Lista,2011,3,5.37958585858586
Lista,2011,4,4.78097474747475
Lista,2011,5,5.9785404040404
Lista,2011,6,8.95755555555556
Lista,2011,7,11.701196969697
Lista,2011,8,12.4394848484848
Lista,2011,9,12.5102626262626
Lista,2011,10,11.6758333333333
Lista,2011,11,NaN
Lista,2011,12,6.4040303030303
Lista,2012,1,NaN
Lista,2012,2,5.52641414141414
Lista,2012,3,7.02538888888889
Lista,2012,4,6.56476767676768
Lista,2012,5,7.23668181818182
Lista,2012,6,8.48181818181818
Lista,2012,7,10.3720656565657
Lista,2012,8,12.2087373737374
Lista,2012,9,13.9125757575758
Lista,2012,10,13.2142929292929
Lista,2012,11,11.5041414141414
Lista,2012,12,9.7944797979798
Lista,2013,1,NaN
Lista,2013,2,NaN
Lista,2013,3,NaN
Lista,2013,4,NaN
Lista,2013,5,NaN
Lista,2013,6,NaN
Lista,2013,7,NaN
Lista,2013,8,NaN
Lista,2013,9,12.2840555555556
Lista,2013,10,12.6674494949495
Lista,2013,11,11.1627222222222
Lista,2013,12,7.71944949494949
Lista,2014,1,6.97291919191919
Lista,2014,2,5.33674242424243
Lista,2014,3,6.27135353535354
Lista,2014,4,6.50891919191919
Lista,2014,5,7.29327272727273
Lista,2014,6,8.66332323232323
Lista,2014,7,10.4435656565657
Lista,2014,8,13.0848131313131
Lista,2014,9,NaN
Lista,2014,10,NaN
Lista,2014,11,NaN
Lista,2014,12,NaN
Lista,2015,1,7.84523737373737
Lista,2015,2,6.64684848484849
Lista,2015,3,5.81069191919192
Lista,2015,4,6.36742424242424
Lista,2015,5,7.33506060606061
Lista,2015,6,9.06275757575758
Lista,2015,7,10.6772171717172
Lista,2015,8,11.0595303030303
Lista,2015,9,13.2657676767677
Lista,2015,10,10.9803131313131
Lista,2015,11,11.7821212121212
Lista,2015,12,8.47156565656566
Lista,2016,1,6.78393434343434
Lista,2016,2,7.04419191919192
Lista,2016,3,5.8185303030303
Lista,2016,4,6.3760505050505
Lista,2016,5,7.53222727272727
Lista,2016,6,8.36745454545454
Lista,2016,7,10.5937424242424
Lista,2016,8,13.0487373737374
Lista,2016,9,13.654797979798
Lista,2016,10,NaN
Lista,2016,11,10.7468282828283
Lista,2016,12,10.0015757575758
Lista,2017,1,7.85070202020202
Lista,2017,2,6.90677777777778
Lista,2017,3,6.56875757575757
Lista,2017,4,6.2204898989899
Lista,2017,5,7.14513636363636
Lista,2017,6,7.84591414141414
Lista,2017,7,11.8749696969697
Lista,2017,8,13.6446464646465
Lista,2017,9,13.859297979798
Lista,2017,10,10.4268484848485
Lista,2017,11,9.99898484848485
Lista,2017,12,8.57907070707071
Lista,2018,1,7.30788888888889
Lista,2018,2,5.4915202020202
Lista,2018,3,5.34192929292929
Lista,2018,4,6.67858585858586
Lista,2018,5,7.63401515151515
Lista,2018,6,8.51012626262626
Lista,2018,7,8.67356565656566
Lista,2018,8,10.5672070707071
Lista,2018,9,13.0885505050505
Lista,2018,10,13.1555707070707
Lista,2018,11,10.9801060606061
Lista,2018,12,8.85316161616162
Lista,2019,1,7.14869191919192
Lista,2019,2,6.30294444444444
Lista,2019,3,6.32075757575758
Lista,2019,4,6.71711616161616
Lista,2019,5,6.81437878787879
Lista,2019,6,8.63196464646465
Lista,2019,7,12.5810353535354
Lista,2019,8,13.0143434343434
Lista,2019,9,13.0441464646465
Lista,2019,10,10.9532171717172
Lista,2019,11,9.77218181818182
Lista,2019,12,9.09616666666667
Lista,2020,1,8.43112626262626
Lista,2020,2,7.34337878787879
Lista,2020,3,6.42921717171717
Lista,2020,4,6.97355050505051
Lista,2020,5,7.74
Lista,2020,6,9.48128282828283
Lista,2020,7,11.1197424242424
Lista,2020,8,13.3794242424242
Lista,2020,9,14.3837828282828
Lista,2020,10,12.056005050505
Lista,2020,11,10.3903282828283
Lista,2020,12,9.06165151515151
Indre Utsira,1940,1,NaN
Indre Utsira,1940,2,NaN
Indre Utsira,1940,3,NaN
Indre Utsira,1940,4,NaN
Indre Utsira,1940,5,NaN
Indre Utsira,1940,6,NaN
Indre Utsira,1940,7,NaN
Indre Utsira,1940,8,NaN
Indre Utsira,1940,9,NaN
Indre Utsira,1940,10,NaN
Indre Utsira,1940,11,NaN
Indre Utsira,1940,12,NaN
Indre Utsira,1941,1,NaN
Indre Utsira,1941,2,NaN
Indre Utsira,1941,3,NaN
Indre Utsira,1941,4,NaN
Indre Utsira,1941,5,NaN
Indre Utsira,1941,6,NaN
Indre Utsira,1941,7,NaN
Indre Utsira,1941,8,NaN
Indre Utsira,1941,9,NaN
Indre Utsira,1941,10,NaN
Indre Utsira,1941,11,NaN
Indre Utsira,1941,12,NaN
Indre Utsira,1942,1,3.33686868686869
Indre Utsira,1942,2,3.6420202020202
Indre Utsira,1942,3,2.18818181818182
Indre Utsira,1942,4,3.66161616161616
Indre Utsira,1942,5,5.11292929292929
Indre Utsira,1942,6,5.67757575757576
Indre Utsira,1942,7,6.81580808080808
Indre Utsira,1942,8,10.859797979798
Indre Utsira,1942,9,NaN
Indre Utsira,1942,10,NaN
Indre Utsira,1942,11,NaN
Indre Utsira,1942,12,NaN
Indre Utsira,1943,1,6.15964646464647
Indre Utsira,1943,2,5.94919191919192
Indre Utsira,1943,3,5.90550505050505
Indre Utsira,1943,4,5.93227272727273
Indre Utsira,1943,5,7.13646464646465
Indre Utsira,1943,6,8.76131313131313
Indre Utsira,1943,7,10.6067171717172
Indre Utsira,1943,8,11.2743434343434
Indre Utsira,1943,9,11.6689898989899
Indre Utsira,1943,10,10.5174242424242
Indre Utsira,1943,11,9.49116161616162
Indre Utsira,1943,12,8.41055555555556
Indre Utsira,1944,1,7.77222222222222
Indre Utsira,1944,2,6.2649494949495
Indre Utsira,1944,3,6.2980303030303
Indre Utsira,1944,4,6.01732323232323
Indre Utsira,1944,5,7.02994949494949
Indre Utsira,1944,6,6.9769696969697
Indre Utsira,1944,7,7.88227272727273
Indre Utsira,1944,8,9.37232323232323
Indre Utsira,1944,9,11.4673737373737
Indre Utsira,1944,10,12.2575252525253
Indre Utsira,1944,11,9.88550505050505
Indre Utsira,1944,12,9.09505050505051
Indre Utsira,1945,1,6.75141414141414
Indre Utsira,1945,2,4.11767676767677
Indre Utsira,1945,3,6.0049494949495
Indre Utsira,1945,4,5.19151515151515
Indre Utsira,1945,5,6.4589898989899
Indre Utsira,1945,6,8.33186868686869
Indre Utsira,1945,7,8.86489898989899
Indre Utsira,1945,8,11.2238888888889
Indre Utsira,1945,9,11.0866666666667
Indre Utsira,1945,10,11.1901515151515
Indre Utsira,1945,11,8.81888888888889
Indre Utsira,1945,12,7.47005050505051
Indre Utsira,1946,1,7.46348484848485
Indre Utsira,1946,2,5.96191919191919
Indre Utsira,1946,3,4.4369696969697
Indre Utsira,1946,4,5.65237373737374
Indre Utsira,1946,5,6.52818181818182
Indre Utsira,1946,6,8.02116161616162
Indre Utsira,1946,7,9.10924242424242
Indre Utsira,1946,8,11.6905050505051
Indre Utsira,1946,9,10.9397474747475
Indre Utsira,1946,10,11.8415656565657
Indre Utsira,1946,11,9.72646464646465
Indre Utsira,1946,12,7.52323232323232
Indre Utsira,1947,1,NaN
Indre Utsira,1947,2,4.89424242424242
Indre Utsira,1947,3,3.9800505050505
Indre Utsira,1947,4,5.65717171717172
Indre Utsira,1947,5,6.75353535353535
Indre Utsira,1947,6,7.7880303030303
Indre Utsira,1947,7,9.31030303030303
Indre Utsira,1947,8,8.83489898989899
Indre Utsira,1947,9,12.4434848484849
Indre Utsira,1947,10,12.7872222222222
Indre Utsira,1947,11,9.76893939393939
Indre Utsira,1947,12,8.03090909090909
Indre Utsira,1948,1,6.60929292929293
Indre Utsira,1948,2,4.58833333333333
Indre Utsira,1948,3,5.44358585858586
Indre Utsira,1948,4,6.03191919191919
Indre Utsira,1948,5,6.78414141414141
Indre Utsira,1948,6,7.41939393939394
Indre Utsira,1948,7,10.7683838383838
Indre Utsira,1948,8,10.7778787878788
Indre Utsira,1948,9,10.0433333333333
Indre Utsira,1948,10,10.945202020202
Indre Utsira,1948,11,9.71883838383838
Indre Utsira,1948,12,8.19232323232323
Indre Utsira,1949,1,7.5700505050505
Indre Utsira,1949,2,7.32944444444444
Indre Utsira,1949,3,5.74757575757576
Indre Utsira,1949,4,6.11479797979798
Indre Utsira,1949,5,6.69666666666667
Indre Utsira,1949,6,7.31045454545455
Indre Utsira,1949,7,8.63505050505051
Indre Utsira,1949,8,11.2288383838384
Indre Utsira,1949,9,13.395404040404
Indre Utsira,1949,10,11.3528787878788
Indre Utsira,1949,11,10.0460606060606
Indre Utsira,1949,12,8.46873737373737
Indre Utsira,1950,1,6.91040404040404
Indre Utsira,1950,2,5.35449494949495
Indre Utsira,1950,3,5.87681818181818
Indre Utsira,1950,4,6.30116161616162
Indre Utsira,1950,5,6.44535353535354
Indre Utsira,1950,6,7.60727272727273
Indre Utsira,1950,7,10.4693434343434
Indre Utsira,1950,8,12.4213131313131
Indre Utsira,1950,9,11.7135353535354
Indre Utsira,1950,10,11.995
Indre Utsira,1950,11,11.1767171717172
Indre Utsira,1950,12,9.08858585858586
Indre Utsira,1951,1,6.62919191919192
Indre Utsira,1951,2,4.58318181818182
Indre Utsira,1951,3,4.6220202020202
Indre Utsira,1951,4,5.13848484848485
Indre Utsira,1951,5,6.19035353535354
Indre Utsira,1951,6,6.86080808080808
Indre Utsira,1951,7,7.70570707070707
Indre Utsira,1951,8,10.9378282828283
Indre Utsira,1951,9,13.9880808080808
Indre Utsira,1951,10,13.3204545454545
Indre Utsira,1951,11,11.5778787878788
Indre Utsira,1951,12,NaN
Indre Utsira,1952,1,7.25055555555556
Indre Utsira,1952,2,6.13641414141414
Indre Utsira,1952,3,5.03954545454545
Indre Utsira,1952,4,5.27393939393939
Indre Utsira,1952,5,6.50015151515152
Indre Utsira,1952,6,7.48
Indre Utsira,1952,7,9.00823232323232
Indre Utsira,1952,8,11.2909090909091
Indre Utsira,1952,9,11.0346464646465
Indre Utsira,1952,10,11.1090909090909
Indre Utsira,1952,11,NaN
Indre Utsira,1952,12,NaN
Indre Utsira,1953,1,7.02636363636364
Indre Utsira,1953,2,6.19944444444444
Indre Utsira,1953,3,5.82606060606061
Indre Utsira,1953,4,5.48878787878788
Indre Utsira,1953,5,6.2240404040404
Indre Utsira,1953,6,8.38252525252525
Indre Utsira,1953,7,10.2758585858586
Indre Utsira,1953,8,11.0878787878788
Indre Utsira,1953,9,11.0647474747475
Indre Utsira,1953,10,9.83828282828283
Indre Utsira,1953,11,8.67287878787879
Indre Utsira,1953,12,6.88979797979798
Indre Utsira,1954,1,8.02121212121212
Indre Utsira,1954,2,6.69020202020202
Indre Utsira,1954,3,4.40383838383838
Indre Utsira,1954,4,5.82141414141414
Indre Utsira,1954,5,7.17464646464646
Indre Utsira,1954,6,7.2489898989899
Indre Utsira,1954,7,NaN
Indre Utsira,1954,8,12.885303030303
Indre Utsira,1954,9,11.4720707070707
Indre Utsira,1954,10,11.3817676767677
Indre Utsira,1954,11,9.25934343434343
Indre Utsira,1954,12,9.38525252525253
Indre Utsira,1955,1,6.71171717171717
Indre Utsira,1955,2,4.96959595959596
Indre Utsira,1955,3,6.06656565656566
Indre Utsira,1955,4,5.55242424242424
Indre Utsira,1955,5,6.35540404040404
Indre Utsira,1955,6,6.85661616161616
Indre Utsira,1955,7,7.29207070707071
Indre Utsira,1955,8,8.50565656565657
Indre Utsira,1955,9,12.0643939393939
Indre Utsira,1955,10,11.3952525252525
Indre Utsira,1955,11,11.2835858585859
Indre Utsira,1955,12,NaN
Indre Utsira,1956,1,6.51661616161616
Indre Utsira,1956,2,4.11060606060606
Indre Utsira,1956,3,3.48136363636364
Indre Utsira,1956,4,5.28767676767677
Indre Utsira,1956,5,6.20686868686869
Indre Utsira,1956,6,6.79313131313131
Indre Utsira,1956,7,7.2219696969697
Indre Utsira,1956,8,9.49424242424242
Indre Utsira,1956,9,9.14015151515152
Indre Utsira,1956,10,10.0013636363636
Indre Utsira,1956,11,9.15681818181818
Indre Utsira,1956,12,NaN
Indre Utsira,1957,1,6.445
Indre Utsira,1957,2,5.12
Indre Utsira,1957,3,NaN
Indre Utsira,1957,4,6.07212121212121
Indre Utsira,1957,5,6.73560606060606
Indre Utsira,1957,6,7.28212121212121
Indre Utsira,1957,7,8.59176767676768
Indre Utsira,1957,8,10.2815656565657
Indre Utsira,1957,9,11.9513131313131
Indre Utsira,1957,10,10.705
Indre Utsira,1957,11,9.21590909090909
Indre Utsira,1957,12,7.78747474747475
Indre Utsira,1958,1,5.77681818181818
Indre Utsira,1958,2,4.88242424242424
Indre Utsira,1958,3,4.1659595959596
Indre Utsira,1958,4,4.93282828282828
Indre Utsira,1958,5,6.66419191919192
Indre Utsira,1958,6,6.89419191919192
Indre Utsira,1958,7,7.3
Indre Utsira,1958,8,11.6462121212121
Indre Utsira,1958,9,11.2855555555556
Indre Utsira,1958,10,10.9525252525253
Indre Utsira,1958,11,9.74489898989899
Indre Utsira,1958,12,8.43510101010101
Indre Utsira,1959,1,6.31520202020202
Indre Utsira,1959,2,5.94530303030303
Indre Utsira,1959,3,5.54090909090909
Indre Utsira,1959,4,5.83580808080808
Indre Utsira,1959,5,6.63020202020202
Indre Utsira,1959,6,7.50171717171717
Indre Utsira,1959,7,9.73156565656566
Indre Utsira,1959,8,10.9666666666667
Indre Utsira,1959,9,11.6879797979798
Indre Utsira,1959,10,11.3911616161616
Indre Utsira,1959,11,10.6842424242424
Indre Utsira,1959,12,8.75116161616162
Indre Utsira,1960,1,6.63909090909091
Indre Utsira,1960,2,6.02035353535353
Indre Utsira,1960,3,5.13550505050505
Indre Utsira,1960,4,5.71949494949495
Indre Utsira,1960,5,6.78414141414141
Indre Utsira,1960,6,7.34757575757576
Indre Utsira,1960,7,10.5985858585859
Indre Utsira,1960,8,10.8641919191919
Indre Utsira,1960,9,9.82212121212121
Indre Utsira,1960,10,11.42
Indre Utsira,1960,11,NaN
Indre Utsira,1960,12,8.63106060606061
Indre Utsira,1961,1,6.70681818181818
Indre Utsira,1961,2,5.56363636363636
Indre Utsira,1961,3,5.78924242424242
Indre Utsira,1961,4,6.17691919191919
Indre Utsira,1961,5,NaN
Indre Utsira,1961,6,NaN
Indre Utsira,1961,7,9.12636363636364
Indre Utsira,1961,8,12.314898989899
Indre Utsira,1961,9,10.9756060606061
Indre Utsira,1961,10,10.8541414141414
Indre Utsira,1961,11,9.02792929292929
Indre Utsira,1961,12,8.61111111111111
Indre Utsira,1962,1,7.0620202020202
Indre Utsira,1962,2,6.24732323232323
Indre Utsira,1962,3,4.78641414141414
Indre Utsira,1962,4,4.97959595959596
Indre Utsira,1962,5,6.53843434343434
Indre Utsira,1962,6,6.89565656565657
Indre Utsira,1962,7,8.28560606060606
Indre Utsira,1962,8,9.72823232323232
Indre Utsira,1962,9,13.3603535353535
Indre Utsira,1962,10,11.2983333333333
Indre Utsira,1962,11,11.4094444444444
Indre Utsira,1962,12,8.73742424242424
Indre Utsira,1963,1,6.34621212121212
Indre Utsira,1963,2,5.32368686868687
Indre Utsira,1963,3,4.01878787878788
Indre Utsira,1963,4,4.85762626262626
Indre Utsira,1963,5,6.39525252525253
Indre Utsira,1963,6,6.7710101010101
Indre Utsira,1963,7,7.9209595959596
Indre Utsira,1963,8,9.97409090909091
Indre Utsira,1963,9,10.9524242424242
Indre Utsira,1963,10,11.2480303030303
Indre Utsira,1963,11,9.70176767676768
Indre Utsira,1963,12,6.47969696969697
Indre Utsira,1964,1,7.48136363636364
Indre Utsira,1964,2,7.01585858585859
Indre Utsira,1964,3,NaN
Indre Utsira,1964,4,5.19146464646465
Indre Utsira,1964,5,6.68666666666667
Indre Utsira,1964,6,7.26580808080808
Indre Utsira,1964,7,9.15136363636364
Indre Utsira,1964,8,11.0124242424242
Indre Utsira,1964,9,12.3459595959596
Indre Utsira,1964,10,9.94282828282828
Indre Utsira,1964,11,NaN
Indre Utsira,1964,12,8.67909090909091
Indre Utsira,1965,1,6.77752525252525
Indre Utsira,1965,2,7.0139898989899
Indre Utsira,1965,3,6.17358585858586
Indre Utsira,1965,4,5.43510101010101
Indre Utsira,1965,5,6.59045454545454
Indre Utsira,1965,6,7.08671717171717
Indre Utsira,1965,7,9.08151515151515
Indre Utsira,1965,8,9.52060606060606
Indre Utsira,1965,9,10.6655050505051
Indre Utsira,1965,10,12.0456565656566
Indre Utsira,1965,11,9.1869696969697
Indre Utsira,1965,12,8.20070707070707
Indre Utsira,1966,1,4.33570707070707
Indre Utsira,1966,2,3.59151515151515
Indre Utsira,1966,3,4.49075757575758
Indre Utsira,1966,4,4.66419191919192
Indre Utsira,1966,5,5.35020202020202
Indre Utsira,1966,6,NaN
Indre Utsira,1966,7,6.55611111111111
Indre Utsira,1966,8,12.3131818181818
Indre Utsira,1966,9,NaN
Indre Utsira,1966,10,NaN
Indre Utsira,1966,11,NaN
Indre Utsira,1966,12,6.31777777777778
Indre Utsira,1967,1,4.84868686868687
Indre Utsira,1967,2,5.62065656565656
Indre Utsira,1967,3,NaN
Indre Utsira,1967,4,5.05308080808081
Indre Utsira,1967,5,5.35510101010101
Indre Utsira,1967,6,NaN
Indre Utsira,1967,7,10.2142929292929
Indre Utsira,1967,8,NaN
Indre Utsira,1967,9,11.2089898989899
Indre Utsira,1967,10,NaN
Indre Utsira,1967,11,NaN
Indre Utsira,1967,12,NaN
Indre Utsira,1968,1,NaN
Indre Utsira,1968,2,NaN
Indre Utsira,1968,3,NaN
Indre Utsira,1968,4,5.37020202020202
Indre Utsira,1968,5,6.07469696969697
Indre Utsira,1968,6,7.66388888888889
Indre Utsira,1968,7,7.07994949494949
Indre Utsira,1968,8,7.98348484848485
Indre Utsira,1968,9,NaN
Indre Utsira,1968,10,NaN
Indre Utsira,1968,11,NaN
Indre Utsira,1968,12,NaN
Indre Utsira,1969,1,5.7709595959596
Indre Utsira,1969,2,4.98994949494949
Indre Utsira,1969,3,4.59691919191919
Indre Utsira,1969,4,5.09267676767677
Indre Utsira,1969,5,5.85858585858586
Indre Utsira,1969,6,6.80707070707071
Indre Utsira,1969,7,6.91348484848485
Indre Utsira,1969,8,9.57257575757576
Indre Utsira,1969,9,10.4255050505051
Indre Utsira,1969,10,9.41909090909091
Indre Utsira,1969,11,9.66343434343434
Indre Utsira,1969,12,7.6209595959596
Indre Utsira,1970,1,NaN
Indre Utsira,1970,2,4.97353535353535
Indre Utsira,1970,3,4.6140404040404
Indre Utsira,1970,4,4.91772727272727
Indre Utsira,1970,5,5.62883838383838
Indre Utsira,1970,6,6.35025252525252
Indre Utsira,1970,7,7.42717171717172
Indre Utsira,1970,8,10.7447474747475
Indre Utsira,1970,9,8.79848484848485
Indre Utsira,1970,10,9.59121212121212
Indre Utsira,1970,11,8.74
Indre Utsira,1970,12,7.96272727272727
Indre Utsira,1971,1,6.90707070707071
Indre Utsira,1971,2,6.21656565656566
Indre Utsira,1971,3,5.5930303030303
Indre Utsira,1971,4,5.54121212121212
Indre Utsira,1971,5,NaN
Indre Utsira,1971,6,7.21666666666667
Indre Utsira,1971,7,7.51479797979798
Indre Utsira,1971,8,11.1806565656566
Indre Utsira,1971,9,9.79080808080808
Indre Utsira,1971,10,NaN
Indre Utsira,1971,11,9.66550505050505
Indre Utsira,1971,12,8.26
Indre Utsira,1972,1,7.06393939393939
Indre Utsira,1972,2,5.15621212121212
Indre Utsira,1972,3,5.24560606060606
Indre Utsira,1972,4,5.93666666666667
Indre Utsira,1972,5,6.81808080808081
Indre Utsira,1972,6,7.87686868686869
Indre Utsira,1972,7,9.01489898989899
Indre Utsira,1972,8,9.95267676767677
Indre Utsira,1972,9,8.99853535353535
Indre Utsira,1972,10,9.81368686868687
Indre Utsira,1972,11,NaN
Indre Utsira,1972,12,8.36853535353535
Indre Utsira,1973,1,7.62560606060606
Indre Utsira,1973,2,7.04833333333333
Indre Utsira,1973,3,6.43626262626263
Indre Utsira,1973,4,7.1189898989899
Indre Utsira,1973,5,7.20818181818182
Indre Utsira,1973,6,8.12742424242424
Indre Utsira,1973,7,8.0360101010101
Indre Utsira,1973,8,NaN
Indre Utsira,1973,9,9.27191919191919
Indre Utsira,1973,10,8.19419191919192
Indre Utsira,1973,11,8.55
Indre Utsira,1973,12,NaN
Indre Utsira,1974,1,6.17080808080808
Indre Utsira,1974,2,5.09782828282828
Indre Utsira,1974,3,4.87722222222222
Indre Utsira,1974,4,6.19964646464646
Indre Utsira,1974,5,6.81383838383838
Indre Utsira,1974,6,7.4029797979798
Indre Utsira,1974,7,8.46489898989899
Indre Utsira,1974,8,11.7378282828283
Indre Utsira,1974,9,11.145
Indre Utsira,1974,10,10.0156565656566
Indre Utsira,1974,11,8.52575757575758
Indre Utsira,1974,12,7.48575757575758
Indre Utsira,1975,1,6.99186868686869
Indre Utsira,1975,2,5.92954545454545
Indre Utsira,1975,3,5.7720202020202
Indre Utsira,1975,4,6.15176767676768
Indre Utsira,1975,5,6.89186868686869
Indre Utsira,1975,6,7.5870202020202
Indre Utsira,1975,7,8.08868686868687
Indre Utsira,1975,8,NaN
Indre Utsira,1975,9,12.8777777777778
Indre Utsira,1975,10,12.1323737373737
Indre Utsira,1975,11,9.6872972972973
Indre Utsira,1975,12,NaN
Indre Utsira,1976,1,NaN
Indre Utsira,1976,2,5.47378787878788
Indre Utsira,1976,3,5.16616161616162
Indre Utsira,1976,4,6.1790404040404
Indre Utsira,1976,5,7.27459595959596
Indre Utsira,1976,6,7.37035353535353
Indre Utsira,1976,7,8.17656565656566
Indre Utsira,1976,8,8.72131313131313
Indre Utsira,1976,9,NaN
Indre Utsira,1976,10,11.6228282828283
Indre Utsira,1976,11,10.1240909090909
Indre Utsira,1976,12,8.50833333333333
Indre Utsira,1977,1,6.0670202020202
Indre Utsira,1977,2,5.14964646464647
Indre Utsira,1977,3,4.76767676767677
Indre Utsira,1977,4,4.66641414141414
Indre Utsira,1977,5,5.88055555555556
Indre Utsira,1977,6,6.4380303030303
Indre Utsira,1977,7,6.7880303030303
Indre Utsira,1977,8,9.10924242424242
Indre Utsira,1977,9,10.4970707070707
Indre Utsira,1977,10,10.6431313131313
Indre Utsira,1977,11,9.74156565656566
Indre Utsira,1977,12,7.99843434343434
Indre Utsira,1978,1,7.03535353535354
Indre Utsira,1978,2,5.35636363636364
Indre Utsira,1978,3,4.6550505050505
Indre Utsira,1978,4,5.56919191919192
Indre Utsira,1978,5,NaN
Indre Utsira,1978,6,6.75171717171717
Indre Utsira,1978,7,9.28888888888889
Indre Utsira,1978,8,8.95909090909091
Indre Utsira,1978,9,7.87414141414141
Indre Utsira,1978,10,9.92671717171717
Indre Utsira,1978,11,10.0925757575758
Indre Utsira,1978,12,8.92641414141414
Indre Utsira,1979,1,4.98782828282828
Indre Utsira,1979,2,4.83020202020202
Indre Utsira,1979,3,3.88828282828283
Indre Utsira,1979,4,4.25757575757576
Indre Utsira,1979,5,5.14454545454545
Indre Utsira,1979,6,5.84606060606061
Indre Utsira,1979,7,5.9509595959596
Indre Utsira,1979,8,9.49868686868687
Indre Utsira,1979,9,NaN
Indre Utsira,1979,10,9.54035353535354
Indre Utsira,1979,11,9.80090909090909
Indre Utsira,1979,12,7.97343434343434
Indre Utsira,1980,1,5.39530303030303
Indre Utsira,1980,2,NaN
Indre Utsira,1980,3,4.28106060606061
Indre Utsira,1980,4,4.91464646464646
Indre Utsira,1980,5,5.78944444444444
Indre Utsira,1980,6,7.16777777777778
Indre Utsira,1980,7,7.14292929292929
Indre Utsira,1980,8,8.54459595959596
Indre Utsira,1980,9,NaN
Indre Utsira,1980,10,10.7186868686869
Indre Utsira,1980,11,9.44868686868687
Indre Utsira,1980,12,8.08904040404041
Indre Utsira,1981,1,6.10207070707071
Indre Utsira,1981,2,5.97641414141414
Indre Utsira,1981,3,3.65075757575758
Indre Utsira,1981,4,4.6850505050505
Indre Utsira,1981,5,6.36348484848485
Indre Utsira,1981,6,6.56328282828283
Indre Utsira,1981,7,8.32833333333333
Indre Utsira,1981,8,8.38823232323232
Indre Utsira,1981,9,10.6588383838384
Indre Utsira,1981,10,10.2591414141414
Indre Utsira,1981,11,NaN
Indre Utsira,1981,12,7.19777777777778
Indre Utsira,1982,1,4.54823232323232
Indre Utsira,1982,2,4.17459595959596
Indre Utsira,1982,3,4.71964646464646
Indre Utsira,1982,4,5.38217171717172
Indre Utsira,1982,5,6.48590909090909
Indre Utsira,1982,6,6.66525252525252
Indre Utsira,1982,7,7.2780303030303
Indre Utsira,1982,8,9.59575757575758
Indre Utsira,1982,9,9.50666666666667
Indre Utsira,1982,10,12.1538888888889
Indre Utsira,1982,11,9.51742424242424
Indre Utsira,1982,12,7.14792929292929
Indre Utsira,1983,1,7.66651515151515
Indre Utsira,1983,2,6.52136363636364
Indre Utsira,1983,3,5.43772727272727
Indre Utsira,1983,4,5.66237373737374
Indre Utsira,1983,5,6.60838383838384
Indre Utsira,1983,6,7.06060606060606
Indre Utsira,1983,7,7.44732323232323
Indre Utsira,1983,8,8.46176767676768
Indre Utsira,1983,9,11.1006565656566
Indre Utsira,1983,10,11.4097474747475
Indre Utsira,1983,11,9.89257575757576
Indre Utsira,1983,12,9.15914141414141
Indre Utsira,1984,1,6.24414141414141
Indre Utsira,1984,2,NaN
Indre Utsira,1984,3,4.26323232323232
Indre Utsira,1984,4,5.12787878787879
Indre Utsira,1984,5,5.85732323232323
Indre Utsira,1984,6,6.23813131313131
Indre Utsira,1984,7,7.08616161616162
Indre Utsira,1984,8,9.16343434343434
Indre Utsira,1984,9,10.8223232323232
Indre Utsira,1984,10,NaN
Indre Utsira,1984,11,10.1451515151515
Indre Utsira,1984,12,8.31868686868687
Indre Utsira,1985,1,6.54282828282828
Indre Utsira,1985,2,5.58606060606061
Indre Utsira,1985,3,4.6510101010101
Indre Utsira,1985,4,5.76308080808081
Indre Utsira,1985,5,NaN
Indre Utsira,1985,6,7.02328282828283
Indre Utsira,1985,7,8.22611111111111
Indre Utsira,1985,8,10.6973737373737
Indre Utsira,1985,9,10.2583333333333
Indre Utsira,1985,10,11.2680808080808
Indre Utsira,1985,11,10.5609595959596
Indre Utsira,1985,12,8.36691919191919
Indre Utsira,1986,1,6.0769696969697
Indre Utsira,1986,2,4.01065656565657
Indre Utsira,1986,3,5.08570707070707
Indre Utsira,1986,4,5.23161616161616
Indre Utsira,1986,5,6.32666666666667
Indre Utsira,1986,6,7.10126262626263
Indre Utsira,1986,7,7.35237373737374
Indre Utsira,1986,8,10.0661111111111
Indre Utsira,1986,9,9.87878787878788
Indre Utsira,1986,10,11.605303030303
Indre Utsira,1986,11,9.33363636363636
Indre Utsira,1986,12,8.18939393939394
Indre Utsira,1987,1,5.87636363636364
Indre Utsira,1987,2,6.18974747474747
Indre Utsira,1987,3,3.36520202020202
Indre Utsira,1987,4,4.85237373737374
Indre Utsira,1987,5,5.70787878787879
Indre Utsira,1987,6,6.52570707070707
Indre Utsira,1987,7,8.55621212121212
Indre Utsira,1987,8,8.49712121212121
Indre Utsira,1987,9,9.33757575757576
Indre Utsira,1987,10,10.2863636363636
Indre Utsira,1987,11,9.92505050505051
Indre Utsira,1987,12,8.87520202020202
Indre Utsira,1988,1,7.46222222222222
Indre Utsira,1988,2,6.26469696969697
Indre Utsira,1988,3,5.87914141414141
Indre Utsira,1988,4,6.03252525252525
Indre Utsira,1988,5,6.8889898989899
Indre Utsira,1988,6,7.78838383838384
Indre Utsira,1988,7,8.59686868686869
Indre Utsira,1988,8,10.0126262626263
Indre Utsira,1988,9,9.98378787878788
Indre Utsira,1988,10,10.8493939393939
Indre Utsira,1988,11,10.3178787878788
Indre Utsira,1988,12,9.00267676767677
Indre Utsira,1989,1,NaN
Indre Utsira,1989,2,6.21388888888889
Indre Utsira,1989,3,NaN
Indre Utsira,1989,4,6.28848484848485
Indre Utsira,1989,5,7.31752525252525
Indre Utsira,1989,6,8.21050505050505
Indre Utsira,1989,7,7.87671717171717
Indre Utsira,1989,8,NaN
Indre Utsira,1989,9,11.6691414141414
Indre Utsira,1989,10,NaN
Indre Utsira,1989,11,NaN
Indre Utsira,1989,12,NaN
Indre Utsira,1990,1,7.85732323232323
Indre Utsira,1990,2,6.77126262626263
Indre Utsira,1990,3,7.14717171717172
Indre Utsira,1990,4,6.95808080808081
Indre Utsira,1990,5,NaN
Indre Utsira,1990,6,8.56419191919192
Indre Utsira,1990,7,9.44853535353535
Indre Utsira,1990,8,11.4569191919192
Indre Utsira,1990,9,NaN
Indre Utsira,1990,10,NaN
Indre Utsira,1990,11,10.5511616161616
Indre Utsira,1990,12,9.04550505050505
Indre Utsira,1991,1,7.0570202020202
Indre Utsira,1991,2,5.98858585858586
Indre Utsira,1991,3,NaN
Indre Utsira,1991,4,6.52287878787879
Indre Utsira,1991,5,7.08459595959596
Indre Utsira,1991,6,7.97
Indre Utsira,1991,7,8.54737373737374
Indre Utsira,1991,8,9.92964646464646
Indre Utsira,1991,9,12.2989393939394
Indre Utsira,1991,10,11.1909595959596
Indre Utsira,1991,11,10.1088383838384
Indre Utsira,1991,12,9.30161616161616
Indre Utsira,1992,1,7.55257575757576
Indre Utsira,1992,2,6.98207070707071
Indre Utsira,1992,3,6.57282828282828
Indre Utsira,1992,4,6.42636363636364
Indre Utsira,1992,5,7.56212121212121
Indre Utsira,1992,6,8.32560606060606
Indre Utsira,1992,7,7.94722222222222
Indre Utsira,1992,8,9.36262626262626
Indre Utsira,1992,9,10.2157070707071
Indre Utsira,1992,10,10.9892424242424
Indre Utsira,1992,11,10.7999494949495
Indre Utsira,1992,12,9.19565656565657
Indre Utsira,1993,1,7.11376767676768
Indre Utsira,1993,2,6.64437373737374
Indre Utsira,1993,3,5.39371212121212
Indre Utsira,1993,4,5.74821212121212
Indre Utsira,1993,5,7.08385353535354
Indre Utsira,1993,6,7.11254545454546
Indre Utsira,1993,7,8.17641919191919
Indre Utsira,1993,8,10.7974595959596
Indre Utsira,1993,9,NaN
Indre Utsira,1993,10,12.1532323232323
Indre Utsira,1993,11,9.19838383838384
Indre Utsira,1993,12,8.32570707070707
Indre Utsira,1994,1,5.6874696969697
Indre Utsira,1994,2,5.36591919191919
Indre Utsira,1994,3,3.94692424242424
Indre Utsira,1994,4,4.20811616161616
Indre Utsira,1994,5,5.51278282828283
Indre Utsira,1994,6,6.00215151515151
Indre Utsira,1994,7,8.61344949494949
Indre Utsira,1994,8,9.16641414141414
Indre Utsira,1994,9,10.7797070707071
Indre Utsira,1994,10,10.3339848484848
Indre Utsira,1994,11,8.73060101010101
Indre Utsira,1994,12,7.03227272727273
Indre Utsira,1995,1,6.85819191919192
Indre Utsira,1995,2,6.16519191919192
Indre Utsira,1995,3,5.50285353535353
Indre Utsira,1995,4,5.68886868686869
Indre Utsira,1995,5,5.98774242424243
Indre Utsira,1995,6,7.12540909090909
Indre Utsira,1995,7,8.46022727272727
Indre Utsira,1995,8,8.5305303030303
Indre Utsira,1995,9,10.8727474747475
Indre Utsira,1995,10,9.17768686868687
Indre Utsira,1995,11,9.85958080808081
Indre Utsira,1995,12,8.72572222222222
Indre Utsira,1996,1,6.71269191919192
Indre Utsira,1996,2,5.46445454545455
Indre Utsira,1996,3,4.91199494949495
Indre Utsira,1996,4,5.6784898989899
Indre Utsira,1996,5,6.46119191919192
Indre Utsira,1996,6,6.89938888888889
Indre Utsira,1996,7,7.31032828282828
Indre Utsira,1996,8,10.802101010101
Indre Utsira,1996,9,7.85505050505051
Indre Utsira,1996,10,9.82230808080808
Indre Utsira,1996,11,10.1599141414141
Indre Utsira,1996,12,8.53287878787879
Indre Utsira,1997,1,6.74116666666667
Indre Utsira,1997,2,6.17190404040404
Indre Utsira,1997,3,5.41729292929293
Indre Utsira,1997,4,5.28020707070707
Indre Utsira,1997,5,6.73822222222222
Indre Utsira,1997,6,7.12993434343434
Indre Utsira,1997,7,8.89118686868687
Indre Utsira,1997,8,11.301595959596
Indre Utsira,1997,9,10.8449797979798
Indre Utsira,1997,10,10.2427575757576
Indre Utsira,1997,11,10.410297979798
Indre Utsira,1997,12,8.17705555555556
Indre Utsira,1998,1,6.82943434343434
Indre Utsira,1998,2,6.80962121212121
Indre Utsira,1998,3,6.40234848484848
Indre Utsira,1998,4,5.50142424242424
Indre Utsira,1998,5,6.64092929292929
Indre Utsira,1998,6,7.77125757575758
Indre Utsira,1998,7,9.973
Indre Utsira,1998,8,12.1891161616162
Indre Utsira,1998,9,10.6345050505051
Indre Utsira,1998,10,11.5076212121212
Indre Utsira,1998,11,9.58438383838384
Indre Utsira,1998,12,9.08335858585859
Indre Utsira,1999,1,6.40375252525252
Indre Utsira,1999,2,6.25393939393939
Indre Utsira,1999,3,5.53783838383838
Indre Utsira,1999,4,5.40555555555556
Indre Utsira,1999,5,6.51503535353535
Indre Utsira,1999,6,8.01932828282828
Indre Utsira,1999,7,9.24029292929293
Indre Utsira,1999,8,10.965803030303
Indre Utsira,1999,9,12.3442727272727
Indre Utsira,1999,10,12.6262121212121
Indre Utsira,1999,11,9.11938888888889
Indre Utsira,1999,12,8.48900505050505
Indre Utsira,2000,1,7.51406565656566
Indre Utsira,2000,2,7.14430303030303
Indre Utsira,2000,3,5.90920707070707
Indre Utsira,2000,4,6.28028787878788
Indre Utsira,2000,5,7.14714141414141
Indre Utsira,2000,6,8.5095202020202
Indre Utsira,2000,7,8.51472222222222
Indre Utsira,2000,8,10.5040151515152
Indre Utsira,2000,9,12.2904343434343
Indre Utsira,2000,10,11.5202525252525
Indre Utsira,2000,11,10.8614797979798
Indre Utsira,2000,12,9.55115151515152
Indre Utsira,2001,1,8.08385353535354
Indre Utsira,2001,2,7.08267676767677
Indre Utsira,2001,3,6.49609090909091
Indre Utsira,2001,4,4.98911616161616
Indre Utsira,2001,5,6.80274747474747
Indre Utsira,2001,6,7.06948484848485
Indre Utsira,2001,7,10.0659242424242
Indre Utsira,2001,8,11.247702020202
Indre Utsira,2001,9,11.6615101010101
Indre Utsira,2001,10,11.7615303030303
Indre Utsira,2001,11,12.2815656565657
Indre Utsira,2001,12,9.83332828282828
Indre Utsira,2002,1,7.311
Indre Utsira,2002,2,6.14812626262626
Indre Utsira,2002,3,5.92353535353535
Indre Utsira,2002,4,5.98431818181818
Indre Utsira,2002,5,7.28476262626263
Indre Utsira,2002,6,9.19718181818182
Indre Utsira,2002,7,10.3440555555556
Indre Utsira,2002,8,11.6305808080808
Indre Utsira,2002,9,11.3617525252525
Indre Utsira,2002,10,12.0142474747475
Indre Utsira,2002,11,10.4696666666667
Indre Utsira,2002,12,9.2284898989899
Indre Utsira,2003,1,6.50190404040404
Indre Utsira,2003,2,5.55947474747475
Indre Utsira,2003,3,5.11793939393939
Indre Utsira,2003,4,6.33377777777778
Indre Utsira,2003,5,6.84557070707071
Indre Utsira,2003,6,7.54027777777778
Indre Utsira,2003,7,8.94024747474747
Indre Utsira,2003,8,12.7914393939394
Indre Utsira,2003,9,10.935398989899
Indre Utsira,2003,10,11.1982929292929
Indre Utsira,2003,11,9.39527777777778
Indre Utsira,2003,12,7.96906060606061
Indre Utsira,2004,1,7.53057070707071
Indre Utsira,2004,2,6.40588888888889
Indre Utsira,2004,3,5.26119191919192
Indre Utsira,2004,4,6.0955303030303
Indre Utsira,2004,5,6.97421717171717
Indre Utsira,2004,6,8.02659090909091
Indre Utsira,2004,7,10.5074141414141
Indre Utsira,2004,8,10.9614343434343
Indre Utsira,2004,9,12.1674242424242
Indre Utsira,2004,10,NaN
Indre Utsira,2004,11,NaN
Indre Utsira,2004,12,9.08811616161616
Indre Utsira,2005,1,NaN
Indre Utsira,2005,2,6.41426767676768
Indre Utsira,2005,3,5.32088383838384
Indre Utsira,2005,4,6.22616161616162
Indre Utsira,2005,5,7.24758585858586
Indre Utsira,2005,6,7.63368421052632
Indre Utsira,2005,7,9.27777777777778
Indre Utsira,2005,8,9.84133838383838
Indre Utsira,2005,9,NaN
Indre Utsira,2005,10,12.2569494949495
Indre Utsira,2005,11,10.5255252525253
Indre Utsira,2005,12,10.0873585858586
Indre Utsira,2006,1,7.40770202020202
Indre Utsira,2006,2,5.90835858585859
Indre Utsira,2006,3,5.32632828282828
Indre Utsira,2006,4,6.94678282828283
Indre Utsira,2006,5,7.3444797979798
Indre Utsira,2006,6,8.16732323232323
Indre Utsira,2006,7,8.81381313131313
Indre Utsira,2006,8,9.85769191919192
Indre Utsira,2006,9,11.5940151515152
Indre Utsira,2006,10,12.4515656565657
Indre Utsira,2006,11,11.1799141414141
Indre Utsira,2006,12,10.5039898989899
Indre Utsira,2007,1,9.18532828282828
Indre Utsira,2007,2,7.38426767676768
Indre Utsira,2007,3,NaN
Indre Utsira,2007,4,6.8905
Indre Utsira,2007,5,7.83695454545455
Indre Utsira,2007,6,8.56430808080808
Indre Utsira,2007,7,9.78475252525253
Indre Utsira,2007,8,10.8874595959596
Indre Utsira,2007,9,12.1316616161616
Indre Utsira,2007,10,13.8551262626263
Indre Utsira,2007,11,12.5591414141414
Indre Utsira,2007,12,10.1201767676768
Indre Utsira,2008,1,7.69987373737374
Indre Utsira,2008,2,6.54238383838384
Indre Utsira,2008,3,NaN
Indre Utsira,2008,4,NaN
Indre Utsira,2008,5,7.3935101010101
Indre Utsira,2008,6,7.55442424242424
Indre Utsira,2008,7,11.5594545454545
Indre Utsira,2008,8,12.5611060606061
Indre Utsira,2008,9,12.082696969697
Indre Utsira,2008,10,11.3466666666667
Indre Utsira,2008,11,9.15703535353535
Indre Utsira,2008,12,8.96810101010101
Indre Utsira,2009,1,8.02959090909091
Indre Utsira,2009,2,6.02165656565657
Indre Utsira,2009,3,NaN
Indre Utsira,2009,4,NaN
Indre Utsira,2009,5,NaN
Indre Utsira,2009,6,7.58042929292929
Indre Utsira,2009,7,10.0960303030303
Indre Utsira,2009,8,13.0343181818182
Indre Utsira,2009,9,14.6044848484848
Indre Utsira,2009,10,12.0123434343434
Indre Utsira,2009,11,11.7531868686869
Indre Utsira,2009,12,9.06785353535354
Indre Utsira,2010,1,6.67116161616162
Indre Utsira,2010,2,5.4010303030303
Indre Utsira,2010,3,6.31500505050505
Indre Utsira,2010,4,6.3544595959596
Indre Utsira,2010,5,7.28821212121212
Indre Utsira,2010,6,7.53231313131313
Indre Utsira,2010,7,8.39560101010101
Indre Utsira,2010,8,12.079803030303
Indre Utsira,2010,9,14.1297828282828
Indre Utsira,2010,10,11.1677272727273
Indre Utsira,2010,11,NaN
Indre Utsira,2010,12,9.42498484848485
Indre Utsira,2011,1,5.21124242424242
Indre Utsira,2011,2,NaN
Indre Utsira,2011,3,3.1269696969697
Indre Utsira,2011,4,5.48121717171717
Indre Utsira,2011,5,NaN
Indre Utsira,2011,6,8.30030303030303
Indre Utsira,2011,7,NaN
Indre Utsira,2011,8,11.4058434343434
Indre Utsira,2011,9,10.4688181818182
Indre Utsira,2011,10,11.0022626262626
Indre Utsira,2011,11,9.49039898989899
Indre Utsira,2011,12,7.88042424242424
Indre Utsira,2012,1,8.31368181818182
Indre Utsira,2012,2,NaN
Indre Utsira,2012,3,NaN
Indre Utsira,2012,4,NaN
Indre Utsira,2012,5,NaN
Indre Utsira,2012,6,NaN
Indre Utsira,2012,7,NaN
Indre Utsira,2012,8,NaN
Indre Utsira,2012,9,NaN
Indre Utsira,2012,10,NaN
Indre Utsira,2012,11,NaN
Indre Utsira,2012,12,NaN
Indre Utsira,2013,1,NaN
Indre Utsira,2013,2,NaN
Indre Utsira,2013,3,NaN
Indre Utsira,2013,4,NaN
Indre Utsira,2013,5,NaN
Indre Utsira,2013,6,NaN
Indre Utsira,2013,7,NaN
Indre Utsira,2013,8,NaN
Indre Utsira,2013,9,NaN
Indre Utsira,2013,10,NaN
Indre Utsira,2013,11,NaN
Indre Utsira,2013,12,NaN
Indre Utsira,2014,1,NaN
Indre Utsira,2014,2,NaN
Indre Utsira,2014,3,5.7335101010101
Indre Utsira,2014,4,6.30507070707071
Indre Utsira,2014,5,7.42299494949495
Indre Utsira,2014,6,7.56430303030303
Indre Utsira,2014,7,9.75127777777778
Indre Utsira,2014,8,10.8680606060606
Indre Utsira,2014,9,NaN
Indre Utsira,2014,10,NaN
Indre Utsira,2014,11,NaN
Indre Utsira,2014,12,NaN
Indre Utsira,2015,1,7.86758080808081
Indre Utsira,2015,2,6.54387878787879
Indre Utsira,2015,3,6.64907575757576
Indre Utsira,2015,4,6.31893434343434
Indre Utsira,2015,5,7.43198484848485
Indre Utsira,2015,6,8.30504545454545
Indre Utsira,2015,7,9.12494949494949
Indre Utsira,2015,8,12.4061060606061
Indre Utsira,2015,9,14.0307222222222
Indre Utsira,2015,10,10.6539646464646
Indre Utsira,2015,11,11.7778434343434
Indre Utsira,2015,12,9.73027272727273
Indre Utsira,2016,1,8.21583333333333
Indre Utsira,2016,2,6.61397474747475
Indre Utsira,2016,3,5.96618181818182
Indre Utsira,2016,4,6.60186363636364
Indre Utsira,2016,5,7.61601515151515
Indre Utsira,2016,6,8.3335
Indre Utsira,2016,7,10.1009343434343
Indre Utsira,2016,8,11.8118333333333
Indre Utsira,2016,9,12.4537222222222
Indre Utsira,2016,10,12.3810252525253
Indre Utsira,2016,11,10.5355353535354
Indre Utsira,2016,12,9.98361616161616
Indre Utsira,2017,1,7.72200505050505
Indre Utsira,2017,2,NaN
Indre Utsira,2017,3,6.19092929292929
Indre Utsira,2017,4,7.24571717171717
Indre Utsira,2017,5,7.7779898989899
Indre Utsira,2017,6,8.55083838383838
Indre Utsira,2017,7,11.2121717171717
Indre Utsira,2017,8,12.8327272727273
Indre Utsira,2017,9,NaN
Indre Utsira,2017,10,13.8730454545455
Indre Utsira,2017,11,10.1207575757576
Indre Utsira,2017,12,9.11583333333333
Indre Utsira,2018,1,8.35627272727273
Indre Utsira,2018,2,NaN
Indre Utsira,2018,3,5.18104545454545
Indre Utsira,2018,4,6.21163131313131
Indre Utsira,2018,5,7.4049797979798
Indre Utsira,2018,6,7.72893434343434
Indre Utsira,2018,7,7.75427777777778
Indre Utsira,2018,8,11.1415757575758
Indre Utsira,2018,9,13.493994949495
Indre Utsira,2018,10,11.8348232323232
Indre Utsira,2018,11,10.9662828282828
Indre Utsira,2018,12,9.60065151515152
Indre Utsira,2019,1,7.86292929292929
Indre Utsira,2019,2,NaN
Indre Utsira,2019,3,6.24807070707071
Indre Utsira,2019,4,6.68326767676768
Indre Utsira,2019,5,7.27914141414142
Indre Utsira,2019,6,8.8254898989899
Indre Utsira,2019,7,10.0021313131313
Indre Utsira,2019,8,11.7384646464646
Indre Utsira,2019,9,11.1477631578947
Indre Utsira,2019,10,11.3535
Indre Utsira,2019,11,10.6239292929293
Indre Utsira,2019,12,NaN
Indre Utsira,2020,1,8.16219696969697
Indre Utsira,2020,2,7.74106060606061
Indre Utsira,2020,3,6.38064141414141
Indre Utsira,2020,4,7.04582323232323
Indre Utsira,2020,5,7.47926262626263
Indre Utsira,2020,6,9.00087373737374
Indre Utsira,2020,7,11.2814191919192
Indre Utsira,2020,8,12.7927525252525
Indre Utsira,2020,9,11.7525858585859
Indre Utsira,2020,10,12.2199292929293
Indre Utsira,2020,11,11.6096818181818
Indre Utsira,2020,12,8.80863131313131
Ytre Utsira,1940,1,NaN
Ytre Utsira,1940,2,NaN
Ytre Utsira,1940,3,NaN
Ytre Utsira,1940,4,NaN
Ytre Utsira,1940,5,NaN
Ytre Utsira,1940,6,NaN
Ytre Utsira,1940,7,NaN
Ytre Utsira,1940,8,NaN
Ytre Utsira,1940,9,NaN
Ytre Utsira,1940,10,NaN
Ytre Utsira,1940,11,NaN
Ytre Utsira,1940,12,NaN
Ytre Utsira,1941,1,NaN
Ytre Utsira,1941,2,NaN
Ytre Utsira,1941,3,NaN
Ytre Utsira,1941,4,NaN
Ytre Utsira,1941,5,NaN
Ytre Utsira,1941,6,NaN
Ytre Utsira,1941,7,NaN
Ytre Utsira,1941,8,NaN
Ytre Utsira,1941,9,NaN
Ytre Utsira,1941,10,NaN
Ytre Utsira,1941,11,NaN
Ytre Utsira,1941,12,NaN
Ytre Utsira,1942,1,NaN
Ytre Utsira,1942,2,3.89934343434343
Ytre Utsira,1942,3,2.41323232323232
Ytre Utsira,1942,4,4.08414141414141
Ytre Utsira,1942,5,4.8580303030303
Ytre Utsira,1942,6,6.12520202020202
Ytre Utsira,1942,7,NaN
Ytre Utsira,1942,8,10.6273737373737
Ytre Utsira,1942,9,NaN
Ytre Utsira,1942,10,NaN
Ytre Utsira,1942,11,NaN
Ytre Utsira,1942,12,NaN
Ytre Utsira,1943,1,6.49989898989899
Ytre Utsira,1943,2,6.38944444444444
Ytre Utsira,1943,3,5.3540404040404
Ytre Utsira,1943,4,5.88237373737374
Ytre Utsira,1943,5,7.25116161616162
Ytre Utsira,1943,6,8.50171717171717
Ytre Utsira,1943,7,9.74505050505051
Ytre Utsira,1943,8,11.3114141414141
Ytre Utsira,1943,9,11.4016161616162
Ytre Utsira,1943,10,10.339898989899
Ytre Utsira,1943,11,9.72277777777778
Ytre Utsira,1943,12,8.14272727272727
Ytre Utsira,1944,1,7.92510101010101
Ytre Utsira,1944,2,6.34722222222222
Ytre Utsira,1944,3,6.27838383838384
Ytre Utsira,1944,4,6.15570707070707
Ytre Utsira,1944,5,7.08242424242424
Ytre Utsira,1944,6,7.03777777777778
Ytre Utsira,1944,7,7.85919191919192
Ytre Utsira,1944,8,9.25287878787879
Ytre Utsira,1944,9,12.8028787878788
Ytre Utsira,1944,10,12.1588888888889
Ytre Utsira,1944,11,10.2105555555556
Ytre Utsira,1944,12,8.79676767676768
Ytre Utsira,1945,1,7.29666666666667
Ytre Utsira,1945,2,4.62712121212121
Ytre Utsira,1945,3,5.97823232323232
Ytre Utsira,1945,4,5.4439898989899
Ytre Utsira,1945,5,6.48363636363636
Ytre Utsira,1945,6,8.05469696969697
Ytre Utsira,1945,7,9.43782828282828
Ytre Utsira,1945,8,10.4362626262626
Ytre Utsira,1945,9,9.70363636363636
Ytre Utsira,1945,10,10.1929797979798
Ytre Utsira,1945,11,NaN
Ytre Utsira,1945,12,7.8040404040404
Ytre Utsira,1946,1,7.22585858585859
Ytre Utsira,1946,2,6.6869696969697
Ytre Utsira,1946,3,5.08828282828283
Ytre Utsira,1946,4,5.56106060606061
Ytre Utsira,1946,5,6.55919191919192
Ytre Utsira,1946,6,8.14843434343434
Ytre Utsira,1946,7,9.41454545454545
Ytre Utsira,1946,8,11.384898989899
Ytre Utsira,1946,9,10.2714646464646
Ytre Utsira,1946,10,10.9455555555556
Ytre Utsira,1946,11,11.1944444444444
Ytre Utsira,1946,12,NaN
Ytre Utsira,1947,1,6.85050505050505
Ytre Utsira,1947,2,4.97257575757576
Ytre Utsira,1947,3,4.06388888888889
Ytre Utsira,1947,4,5.78540404040404
Ytre Utsira,1947,5,6.72691919191919
Ytre Utsira,1947,6,7.70439393939394
Ytre Utsira,1947,7,9.16020202020202
Ytre Utsira,1947,8,8.80237373737374
Ytre Utsira,1947,9,12.9444949494949
Ytre Utsira,1947,10,12.6201515151515
Ytre Utsira,1947,11,NaN
Ytre Utsira,1947,12,9.08292929292929
Ytre Utsira,1948,1,6.94414141414141
Ytre Utsira,1948,2,5.23393939393939
Ytre Utsira,1948,3,5.52828282828283
Ytre Utsira,1948,4,6.10585858585859
Ytre Utsira,1948,5,6.9370202020202
Ytre Utsira,1948,6,7.60368686868687
Ytre Utsira,1948,7,10.4426262626263
Ytre Utsira,1948,8,10.8919696969697
Ytre Utsira,1948,9,9.84757575757576
Ytre Utsira,1948,10,10.08
Ytre Utsira,1948,11,9.31065656565656
Ytre Utsira,1948,12,8.3810101010101
Ytre Utsira,1949,1,NaN
Ytre Utsira,1949,2,7.0689898989899
Ytre Utsira,1949,3,5.6280303030303
Ytre Utsira,1949,4,6.05454545454545
Ytre Utsira,1949,5,6.53722222222222
Ytre Utsira,1949,6,6.95060606060606
Ytre Utsira,1949,7,8.76070707070707
Ytre Utsira,1949,8,10.7966666666667
Ytre Utsira,1949,9,NaN
Ytre Utsira,1949,10,10.389797979798
Ytre Utsira,1949,11,9.41691919191919
Ytre Utsira,1949,12,NaN
Ytre Utsira,1950,1,6.62944444444445
Ytre Utsira,1950,2,5.94358585858586
Ytre Utsira,1950,3,5.72873737373737
Ytre Utsira,1950,4,6.18474747474747
Ytre Utsira,1950,5,6.62383838383838
Ytre Utsira,1950,6,7.70919191919192
Ytre Utsira,1950,7,9.54
Ytre Utsira,1950,8,NaN
Ytre Utsira,1950,9,NaN
Ytre Utsira,1950,10,12.0323737373737
Ytre Utsira,1950,11,11.3304545454545
Ytre Utsira,1950,12,NaN
Ytre Utsira,1951,1,NaN
Ytre Utsira,1951,2,5.21363636363636
Ytre Utsira,1951,3,4.43520202020202
Ytre Utsira,1951,4,5.43434343434343
Ytre Utsira,1951,5,5.78015151515152
Ytre Utsira,1951,6,6.54585858585859
Ytre Utsira,1951,7,7.24540404040404
Ytre Utsira,1951,8,10.4088888888889
Ytre Utsira,1951,9,12.4684343434343
Ytre Utsira,1951,10,13.7276767676768
Ytre Utsira,1951,11,11.8320707070707
Ytre Utsira,1951,12,NaN
Ytre Utsira,1952,1,7.17050505050505
Ytre Utsira,1952,2,6.3520202020202
Ytre Utsira,1952,3,5.25479797979798
Ytre Utsira,1952,4,5.27060606060606
Ytre Utsira,1952,5,6.33343434343434
Ytre Utsira,1952,6,7.30590909090909
Ytre Utsira,1952,7,8.49878787878788
Ytre Utsira,1952,8,10.9711616161616
Ytre Utsira,1952,9,10.6863636363636
Ytre Utsira,1952,10,11.0907575757576
Ytre Utsira,1952,11,NaN
Ytre Utsira,1952,12,NaN
Ytre Utsira,1953,1,7.00161616161616
Ytre Utsira,1953,2,6.2059595959596
Ytre Utsira,1953,3,5.87792929292929
Ytre Utsira,1953,4,5.42111111111111
Ytre Utsira,1953,5,5.82020202020202
Ytre Utsira,1953,6,7.93772727272727
Ytre Utsira,1953,7,9.32752525252525
Ytre Utsira,1953,8,10.4044444444444
Ytre Utsira,1953,9,10.6906060606061
Ytre Utsira,1953,10,9.47853535353535
Ytre Utsira,1953,11,9.38868686868687
Ytre Utsira,1953,12,7.48045454545455
Ytre Utsira,1954,1,7.64646464646465
Ytre Utsira,1954,2,6.48429292929293
Ytre Utsira,1954,3,4.4940404040404
Ytre Utsira,1954,4,5.68207070707071
Ytre Utsira,1954,5,7.03707070707071
Ytre Utsira,1954,6,7.41368686868687
Ytre Utsira,1954,7,NaN
Ytre Utsira,1954,8,11.9703535353535
Ytre Utsira,1954,9,11.0119696969697
Ytre Utsira,1954,10,11.0909090909091
Ytre Utsira,1954,11,9.63005050505051
Ytre Utsira,1954,12,9.13141414141414
Ytre Utsira,1955,1,7.61434343434343
Ytre Utsira,1955,2,5.62717171717172
Ytre Utsira,1955,3,5.85747474747475
Ytre Utsira,1955,4,4.8980303030303
Ytre Utsira,1955,5,6.33863636363636
Ytre Utsira,1955,6,7.12075757575758
Ytre Utsira,1955,7,7.2190404040404
Ytre Utsira,1955,8,8.61651515151515
Ytre Utsira,1955,9,10.4618181818182
Ytre Utsira,1955,10,11.5160101010101
Ytre Utsira,1955,11,NaN
Ytre Utsira,1955,12,NaN
Ytre Utsira,1956,1,NaN
Ytre Utsira,1956,2,4.49767676767677
Ytre Utsira,1956,3,NaN
Ytre Utsira,1956,4,5.30575757575758
Ytre Utsira,1956,5,6.17080808080808
Ytre Utsira,1956,6,6.62388888888889
Ytre Utsira,1956,7,7.69287878787879
Ytre Utsira,1956,8,9.34272727272727
Ytre Utsira,1956,9,9.05964646464646
Ytre Utsira,1956,10,10.2824242424242
Ytre Utsira,1956,11,9.15909090909091
Ytre Utsira,1956,12,NaN
Ytre Utsira,1957,1,6.85621212121212
Ytre Utsira,1957,2,4.61893939393939
Ytre Utsira,1957,3,NaN
Ytre Utsira,1957,4,6.11181818181818
Ytre Utsira,1957,5,6.66106060606061
Ytre Utsira,1957,6,7.31186868686869
Ytre Utsira,1957,7,8.26176767676768
Ytre Utsira,1957,8,9.45287878787879
Ytre Utsira,1957,9,11.2376262626263
Ytre Utsira,1957,10,11.9747474747475
Ytre Utsira,1957,11,NaN
Ytre Utsira,1957,12,7.6509595959596
Ytre Utsira,1958,1,5.94242424242424
Ytre Utsira,1958,2,5.04883838383838
Ytre Utsira,1958,3,5.18176767676768
Ytre Utsira,1958,4,4.38111111111111
Ytre Utsira,1958,5,6.60893939393939
Ytre Utsira,1958,6,6.86161616161616
Ytre Utsira,1958,7,7.26681818181818
Ytre Utsira,1958,8,11.3547474747475
Ytre Utsira,1958,9,10.8489393939394
Ytre Utsira,1958,10,NaN
Ytre Utsira,1958,11,10.2582323232323
Ytre Utsira,1958,12,8.62560606060606
Ytre Utsira,1959,1,7.53277777777778
Ytre Utsira,1959,2,5.62161616161616
Ytre Utsira,1959,3,5.85338383838384
Ytre Utsira,1959,4,5.93691919191919
Ytre Utsira,1959,5,6.71151515151515
Ytre Utsira,1959,6,7.6000505050505
Ytre Utsira,1959,7,9.38929292929293
Ytre Utsira,1959,8,11.2111111111111
Ytre Utsira,1959,9,12.4105555555556
Ytre Utsira,1959,10,10.6313131313131
Ytre Utsira,1959,11,10.0621717171717
Ytre Utsira,1959,12,8.55338383838384
Ytre Utsira,1960,1,7.43479797979798
Ytre Utsira,1960,2,6.04626262626263
Ytre Utsira,1960,3,5.21868686868687
Ytre Utsira,1960,4,5.53888888888889
Ytre Utsira,1960,5,6.93388888888889
Ytre Utsira,1960,6,7.63121212121212
Ytre Utsira,1960,7,9.82671717171717
Ytre Utsira,1960,8,10.4629292929293
Ytre Utsira,1960,9,10.1845454545455
Ytre Utsira,1960,10,11.2310606060606
Ytre Utsira,1960,11,NaN
Ytre Utsira,1960,12,NaN
Ytre Utsira,1961,1,7.18959595959596
Ytre Utsira,1961,2,5.75959595959596
Ytre Utsira,1961,3,5.73550505050505
Ytre Utsira,1961,4,6.11464646464646
Ytre Utsira,1961,5,NaN
Ytre Utsira,1961,6,NaN
Ytre Utsira,1961,7,9.44166666666667
Ytre Utsira,1961,8,11.3768181818182
Ytre Utsira,1961,9,10.7360606060606
Ytre Utsira,1961,10,11.4284343434343
Ytre Utsira,1961,11,9.39570707070707
Ytre Utsira,1961,12,9.1119696969697
Ytre Utsira,1962,1,7.47353535353535
Ytre Utsira,1962,2,6.14681818181818
Ytre Utsira,1962,3,4.75323232323232
Ytre Utsira,1962,4,5.12722222222222
Ytre Utsira,1962,5,6.39914141414141
Ytre Utsira,1962,6,6.87813131313131
Ytre Utsira,1962,7,7.94378787878788
Ytre Utsira,1962,8,9.23580808080808
Ytre Utsira,1962,9,13.0418181818182
Ytre Utsira,1962,10,11.8156565656566
Ytre Utsira,1962,11,11.3258080808081
Ytre Utsira,1962,12,8.46681818181818
Ytre Utsira,1963,1,6.61767676767677
Ytre Utsira,1963,2,5.36676767676768
Ytre Utsira,1963,3,5.24161616161616
Ytre Utsira,1963,4,5.03661616161616
Ytre Utsira,1963,5,6.49050505050505
Ytre Utsira,1963,6,6.94393939393939
Ytre Utsira,1963,7,7.80287878787879
Ytre Utsira,1963,8,9.9059595959596
Ytre Utsira,1963,9,10.1064646464646
Ytre Utsira,1963,10,10.5951515151515
Ytre Utsira,1963,11,10.8107070707071
Ytre Utsira,1963,12,6.47106060606061
Ytre Utsira,1964,1,7.6929797979798
Ytre Utsira,1964,2,6.93489898989899
Ytre Utsira,1964,3,5.67040404040404
Ytre Utsira,1964,4,5.42237373737374
Ytre Utsira,1964,5,6.6519696969697
Ytre Utsira,1964,6,7.35550505050505
Ytre Utsira,1964,7,8.97020202020202
Ytre Utsira,1964,8,9.99393939393939
Ytre Utsira,1964,9,NaN
Ytre Utsira,1964,10,9.83949494949495
Ytre Utsira,1964,11,NaN
Ytre Utsira,1964,12,8.6570202020202
Ytre Utsira,1965,1,6.67949494949495
Ytre Utsira,1965,2,7.25257575757576
Ytre Utsira,1965,3,6.31207070707071
Ytre Utsira,1965,4,5.49166666666667
Ytre Utsira,1965,5,6.8269696969697
Ytre Utsira,1965,6,NaN
Ytre Utsira,1965,7,8.54
Ytre Utsira,1965,8,8.64954545454545
Ytre Utsira,1965,9,10.6778787878788
Ytre Utsira,1965,10,12.0608585858586
Ytre Utsira,1965,11,NaN
Ytre Utsira,1965,12,NaN
Ytre Utsira,1966,1,5.10979797979798
Ytre Utsira,1966,2,NaN
Ytre Utsira,1966,3,4.04252525252525
Ytre Utsira,1966,4,4.98368686868687
Ytre Utsira,1966,5,4.88353535353535
Ytre Utsira,1966,6,NaN
Ytre Utsira,1966,7,7.27914141414141
Ytre Utsira,1966,8,11.4782828282828
Ytre Utsira,1966,9,NaN
Ytre Utsira,1966,10,NaN
Ytre Utsira,1966,11,NaN
Ytre Utsira,1966,12,7.2700505050505
Ytre Utsira,1967,1,5.03656565656566
Ytre Utsira,1967,2,5.55419191919192
Ytre Utsira,1967,3,NaN
Ytre Utsira,1967,4,5.28252525252525
Ytre Utsira,1967,5,5.28318181818182
Ytre Utsira,1967,6,NaN
Ytre Utsira,1967,7,9.08717171717172
Ytre Utsira,1967,8,NaN
Ytre Utsira,1967,9,11.175
Ytre Utsira,1967,10,NaN
Ytre Utsira,1967,11,NaN
Ytre Utsira,1967,12,NaN
Ytre Utsira,1968,1,NaN
Ytre Utsira,1968,2,NaN
Ytre Utsira,1968,3,NaN
Ytre Utsira,1968,4,5.77959595959596
Ytre Utsira,1968,5,6.03055555555556
Ytre Utsira,1968,6,7.20070707070707
Ytre Utsira,1968,7,7.34146464646465
Ytre Utsira,1968,8,8.32414141414141
Ytre Utsira,1968,9,NaN
Ytre Utsira,1968,10,NaN
Ytre Utsira,1968,11,NaN
Ytre Utsira,1968,12,NaN
Ytre Utsira,1969,1,5.78257575757576
Ytre Utsira,1969,2,NaN
Ytre Utsira,1969,3,NaN
Ytre Utsira,1969,4,5.16555555555556
Ytre Utsira,1969,5,5.87585858585859
Ytre Utsira,1969,6,6.77823232323232
Ytre Utsira,1969,7,7.09520202020202
Ytre Utsira,1969,8,9.64434343434343
Ytre Utsira,1969,9,NaN
Ytre Utsira,1969,10,9.23545454545454
Ytre Utsira,1969,11,9.60474747474748
Ytre Utsira,1969,12,NaN
Ytre Utsira,1970,1,5.71772727272727
Ytre Utsira,1970,2,5.26469696969697
Ytre Utsira,1970,3,4.91429292929293
Ytre Utsira,1970,4,4.9080303030303
Ytre Utsira,1970,5,5.59732323232323
Ytre Utsira,1970,6,6.10257575757576
Ytre Utsira,1970,7,6.75772727272727
Ytre Utsira,1970,8,10.5863131313131
Ytre Utsira,1970,9,9.49212121212121
Ytre Utsira,1970,10,10.124696969697
Ytre Utsira,1970,11,9.38020202020202
Ytre Utsira,1970,12,8.22287878787879
Ytre Utsira,1971,1,6.34510101010101
Ytre Utsira,1971,2,6.18419191919192
Ytre Utsira,1971,3,5.92020202020202
Ytre Utsira,1971,4,5.53777777777778
Ytre Utsira,1971,5,6.68742424242424
Ytre Utsira,1971,6,7.5019696969697
Ytre Utsira,1971,7,7.2489898989899
Ytre Utsira,1971,8,10.5161111111111
Ytre Utsira,1971,9,NaN
Ytre Utsira,1971,10,NaN
Ytre Utsira,1971,11,9.65313131313131
Ytre Utsira,1971,12,8.14252525252525
Ytre Utsira,1972,1,7.27924242424242
Ytre Utsira,1972,2,5.65954545454546
Ytre Utsira,1972,3,5.41015151515152
Ytre Utsira,1972,4,5.85449494949495
Ytre Utsira,1972,5,6.81161616161616
Ytre Utsira,1972,6,7.71161616161616
Ytre Utsira,1972,7,8.8170202020202
Ytre Utsira,1972,8,9.75136363636364
Ytre Utsira,1972,9,9.05171717171717
Ytre Utsira,1972,10,9.65560606060606
Ytre Utsira,1972,11,10.2284848484848
Ytre Utsira,1972,12,NaN
Ytre Utsira,1973,1,7.48868686868687
Ytre Utsira,1973,2,7.13691919191919
Ytre Utsira,1973,3,6.68116161616162
Ytre Utsira,1973,4,7.23237373737374
Ytre Utsira,1973,5,6.96924242424242
Ytre Utsira,1973,6,8.11742424242424
Ytre Utsira,1973,7,8.02005050505051
Ytre Utsira,1973,8,10.2183333333333
Ytre Utsira,1973,9,9.05878787878788
Ytre Utsira,1973,10,7.81075757575758
Ytre Utsira,1973,11,8.57126262626263
Ytre Utsira,1973,12,8.4079797979798
Ytre Utsira,1974,1,6.56575757575758
Ytre Utsira,1974,2,5.50712121212121
Ytre Utsira,1974,3,4.98252525252525
Ytre Utsira,1974,4,6.18914141414141
Ytre Utsira,1974,5,7.0070202020202
Ytre Utsira,1974,6,7.46818181818182
Ytre Utsira,1974,7,8.40929292929293
Ytre Utsira,1974,8,11.4826262626263
Ytre Utsira,1974,9,11.6440404040404
Ytre Utsira,1974,10,NaN
Ytre Utsira,1974,11,8.86116161616162
Ytre Utsira,1974,12,7.44424242424242
Ytre Utsira,1975,1,7.25787878787879
Ytre Utsira,1975,2,6.03828282828283
Ytre Utsira,1975,3,5.76979797979798
Ytre Utsira,1975,4,6.1569696969697
Ytre Utsira,1975,5,6.79272727272727
Ytre Utsira,1975,6,7.59494949494949
Ytre Utsira,1975,7,8.06621212121212
Ytre Utsira,1975,8,NaN
Ytre Utsira,1975,9,12.2763131313131
Ytre Utsira,1975,10,11.7088383838384
Ytre Utsira,1975,11,9.27222222222222
Ytre Utsira,1975,12,NaN
Ytre Utsira,1976,1,7.66888888888889
Ytre Utsira,1976,2,5.9210101010101
Ytre Utsira,1976,3,5.44969696969697
Ytre Utsira,1976,4,6.10393939393939
Ytre Utsira,1976,5,7.0559595959596
Ytre Utsira,1976,6,7.33146464646465
Ytre Utsira,1976,7,8.22828282828283
Ytre Utsira,1976,8,8.6829797979798
Ytre Utsira,1976,9,10.2925757575758
Ytre Utsira,1976,10,11.0125252525253
Ytre Utsira,1976,11,10.2374242424242
Ytre Utsira,1976,12,8.73277777777778
Ytre Utsira,1977,1,6.38090909090909
Ytre Utsira,1977,2,5.65318181818182
Ytre Utsira,1977,3,4.85237373737374
Ytre Utsira,1977,4,4.53853535353535
Ytre Utsira,1977,5,5.88550505050505
Ytre Utsira,1977,6,6.46368686868687
Ytre Utsira,1977,7,6.525
Ytre Utsira,1977,8,8.44308080808081
Ytre Utsira,1977,9,9.82424242424242
Ytre Utsira,1977,10,10.624696969697
Ytre Utsira,1977,11,9.77191919191919
Ytre Utsira,1977,12,8.13353535353535
Ytre Utsira,1978,1,7.0870202020202
Ytre Utsira,1978,2,6.30727272727273
Ytre Utsira,1978,3,4.73909090909091
Ytre Utsira,1978,4,5.7010101010101
Ytre Utsira,1978,5,6.67989898989899
Ytre Utsira,1978,6,6.8179797979798
Ytre Utsira,1978,7,8.49570707070707
Ytre Utsira,1978,8,8.71075757575758
Ytre Utsira,1978,9,7.71868686868687
Ytre Utsira,1978,10,9.80313131313131
Ytre Utsira,1978,11,10.5587373737374
Ytre Utsira,1978,12,8.96308080808081
Ytre Utsira,1979,1,5.79277777777778
Ytre Utsira,1979,2,4.57393939393939
Ytre Utsira,1979,3,4.05126262626263
Ytre Utsira,1979,4,4.37858585858586
Ytre Utsira,1979,5,5.0789898989899
Ytre Utsira,1979,6,5.87585858585859
Ytre Utsira,1979,7,5.9640404040404
Ytre Utsira,1979,8,9.26191919191919
Ytre Utsira,1979,9,NaN
Ytre Utsira,1979,10,9.39474747474747
Ytre Utsira,1979,11,9.87661616161616
Ytre Utsira,1979,12,8.03207070707071
Ytre Utsira,1980,1,5.42777777777778
Ytre Utsira,1980,2,4.38151515151515
Ytre Utsira,1980,3,4.19469696969697
Ytre Utsira,1980,4,4.80085858585859
Ytre Utsira,1980,5,5.57338383838384
Ytre Utsira,1980,6,7.01984848484848
Ytre Utsira,1980,7,NaN
Ytre Utsira,1980,8,8.60818181818182
Ytre Utsira,1980,9,9.76712121212121
Ytre Utsira,1980,10,10.8940404040404
Ytre Utsira,1980,11,NaN
Ytre Utsira,1980,12,8.37065656565657
Ytre Utsira,1981,1,5.95439393939394
Ytre Utsira,1981,2,5.56191919191919
Ytre Utsira,1981,3,3.79212121212121
Ytre Utsira,1981,4,4.40909090909091
Ytre Utsira,1981,5,6.20813131313131
Ytre Utsira,1981,6,6.5269696969697
Ytre Utsira,1981,7,NaN
Ytre Utsira,1981,8,8.23040404040404
Ytre Utsira,1981,9,11.1353535353535
Ytre Utsira,1981,10,10.344898989899
Ytre Utsira,1981,11,9.17676767676768
Ytre Utsira,1981,12,7.19964646464646
Ytre Utsira,1982,1,NaN
Ytre Utsira,1982,2,4.43070707070707
Ytre Utsira,1982,3,4.95479797979798
Ytre Utsira,1982,4,5.28914141414141
Ytre Utsira,1982,5,6.34863636363636
Ytre Utsira,1982,6,NaN
Ytre Utsira,1982,7,7.16257575757576
Ytre Utsira,1982,8,9.00272727272727
Ytre Utsira,1982,9,9.21585858585859
Ytre Utsira,1982,10,11.1693434343434
Ytre Utsira,1982,11,9.63722222222222
Ytre Utsira,1982,12,6.8569696969697
Ytre Utsira,1983,1,7.63909090909091
Ytre Utsira,1983,2,6.29131313131313
Ytre Utsira,1983,3,5.39737373737374
Ytre Utsira,1983,4,5.5689898989899
Ytre Utsira,1983,5,6.67661616161616
Ytre Utsira,1983,6,7.15808080808081
Ytre Utsira,1983,7,7.31863636363636
Ytre Utsira,1983,8,8.08843434343434
Ytre Utsira,1983,9,10.685101010101
Ytre Utsira,1983,10,11.1514646464646
Ytre Utsira,1983,11,10.1178282828283
Ytre Utsira,1983,12,9.07010101010101
Ytre Utsira,1984,1,6.40010101010101
Ytre Utsira,1984,2,NaN
Ytre Utsira,1984,3,4.39373737373737
Ytre Utsira,1984,4,5.43949494949495
Ytre Utsira,1984,5,5.74025252525253
Ytre Utsira,1984,6,6.25722222222222
Ytre Utsira,1984,7,6.96984848484848
Ytre Utsira,1984,8,8.42161616161616
Ytre Utsira,1984,9,10.2000505050505
Ytre Utsira,1984,10,NaN
Ytre Utsira,1984,11,10.1472727272727
Ytre Utsira,1984,12,8.12343434343434
Ytre Utsira,1985,1,6.87762626262626
Ytre Utsira,1985,2,5.56646464646465
Ytre Utsira,1985,3,4.58262626262626
Ytre Utsira,1985,4,5.68353535353535
Ytre Utsira,1985,5,6.37419191919192
Ytre Utsira,1985,6,6.91277777777778
Ytre Utsira,1985,7,7.57207070707071
Ytre Utsira,1985,8,10.9217171717172
Ytre Utsira,1985,9,10.0980303030303
Ytre Utsira,1985,10,11.1009090909091
Ytre Utsira,1985,11,10.3936868686869
Ytre Utsira,1985,12,8.27343434343434
Ytre Utsira,1986,1,5.8659595959596
Ytre Utsira,1986,2,4.30070707070707
Ytre Utsira,1986,3,5.47287878787879
Ytre Utsira,1986,4,5.36318181818182
Ytre Utsira,1986,5,6.19272727272727
Ytre Utsira,1986,6,6.89641414141414
Ytre Utsira,1986,7,7.56570707070707
Ytre Utsira,1986,8,9.7190404040404
Ytre Utsira,1986,9,9.86242424242424
Ytre Utsira,1986,10,11.2314141414141
Ytre Utsira,1986,11,8.80136363636364
Ytre Utsira,1986,12,8.37409090909091
Ytre Utsira,1987,1,6.23929292929293
Ytre Utsira,1987,2,NaN
Ytre Utsira,1987,3,3.48393939393939
Ytre Utsira,1987,4,4.98242424242424
Ytre Utsira,1987,5,5.81353535353535
Ytre Utsira,1987,6,6.16808080808081
Ytre Utsira,1987,7,7.76292929292929
Ytre Utsira,1987,8,8.01580808080808
Ytre Utsira,1987,9,9.52333333333333
Ytre Utsira,1987,10,9.91939393939394
Ytre Utsira,1987,11,9.43111111111111
Ytre Utsira,1987,12,8.79560606060606
Ytre Utsira,1988,1,7.64631313131313
Ytre Utsira,1988,2,6.45964646464646
Ytre Utsira,1988,3,5.69934343434343
Ytre Utsira,1988,4,6.23873737373737
Ytre Utsira,1988,5,6.81015151515152
Ytre Utsira,1988,6,8.12444444444444
Ytre Utsira,1988,7,8.21489898989899
Ytre Utsira,1988,8,9.51388888888889
Ytre Utsira,1988,9,NaN
Ytre Utsira,1988,10,9.90272727272727
Ytre Utsira,1988,11,NaN
Ytre Utsira,1988,12,9.21843434343434
Ytre Utsira,1989,1,NaN
Ytre Utsira,1989,2,6.1210101010101
Ytre Utsira,1989,3,6.15121212121212
Ytre Utsira,1989,4,6.18914141414141
Ytre Utsira,1989,5,7.40616161616162
Ytre Utsira,1989,6,7.99606060606061
Ytre Utsira,1989,7,7.85555555555556
Ytre Utsira,1989,8,NaN
Ytre Utsira,1989,9,NaN
Ytre Utsira,1989,10,NaN
Ytre Utsira,1989,11,NaN
Ytre Utsira,1989,12,NaN
Ytre Utsira,1990,1,8.01070707070707
Ytre Utsira,1990,2,6.73338383838384
Ytre Utsira,1990,3,7.00959595959596
Ytre Utsira,1990,4,6.9290404040404
Ytre Utsira,1990,5,7.40676767676768
Ytre Utsira,1990,6,8.42075757575757
Ytre Utsira,1990,7,9.33651515151515
Ytre Utsira,1990,8,10.7340909090909
Ytre Utsira,1990,9,NaN
Ytre Utsira,1990,10,NaN
Ytre Utsira,1990,11,NaN
Ytre Utsira,1990,12,NaN
Ytre Utsira,1991,1,7.31106060606061
Ytre Utsira,1991,2,6.36848484848485
Ytre Utsira,1991,3,NaN
Ytre Utsira,1991,4,6.70010101010101
Ytre Utsira,1991,5,6.99267676767677
Ytre Utsira,1991,6,7.8930303030303
Ytre Utsira,1991,7,NaN
Ytre Utsira,1991,8,10.3496464646465
Ytre Utsira,1991,9,12.2574747474747
Ytre Utsira,1991,10,10.9587878787879
Ytre Utsira,1991,11,10.3073737373737
Ytre Utsira,1991,12,9.52262626262626
Ytre Utsira,1992,1,7.53772727272727
Ytre Utsira,1992,2,7.03409090909091
Ytre Utsira,1992,3,6.84782828282828
Ytre Utsira,1992,4,6.54979797979798
Ytre Utsira,1992,5,7.2990404040404
Ytre Utsira,1992,6,8.40722222222222
Ytre Utsira,1992,7,7.99888888888889
Ytre Utsira,1992,8,9.23272727272727
Ytre Utsira,1992,9,9.92934343434343
Ytre Utsira,1992,10,10.1224747474747
Ytre Utsira,1992,11,10.8000505050505
Ytre Utsira,1992,12,9.49752525252525
Ytre Utsira,1993,1,7.11194949494949
Ytre Utsira,1993,2,6.76031818181818
Ytre Utsira,1993,3,5.72326262626263
Ytre Utsira,1993,4,5.58970707070707
Ytre Utsira,1993,5,7.05143939393939
Ytre Utsira,1993,6,6.98573232323232
Ytre Utsira,1993,7,8.33391414141414
Ytre Utsira,1993,8,10.1578131313131
Ytre Utsira,1993,9,NaN
Ytre Utsira,1993,10,11.6953535353535
Ytre Utsira,1993,11,9.16782828282828
Ytre Utsira,1993,12,8.52348484848485
Ytre Utsira,1994,1,5.88832828282828
Ytre Utsira,1994,2,5.6160404040404
Ytre Utsira,1994,3,4.27187878787879
Ytre Utsira,1994,4,4.31417171717172
Ytre Utsira,1994,5,5.35015151515151
Ytre Utsira,1994,6,5.62431818181818
Ytre Utsira,1994,7,8.31141414141414
Ytre Utsira,1994,8,9.55171212121212
Ytre Utsira,1994,9,10.7819191919192
Ytre Utsira,1994,10,10.5998282828283
Ytre Utsira,1994,11,8.7979898989899
Ytre Utsira,1994,12,7.01511616161616
Ytre Utsira,1995,1,7.85929797979798
Ytre Utsira,1995,2,6.3779595959596
Ytre Utsira,1995,3,5.44037373737374
Ytre Utsira,1995,4,5.83606060606061
Ytre Utsira,1995,5,6.09810606060606
Ytre Utsira,1995,6,6.87861616161616
Ytre Utsira,1995,7,8.21896464646465
Ytre Utsira,1995,8,8.45289898989899
Ytre Utsira,1995,9,10.4075
Ytre Utsira,1995,10,9.21436868686868
Ytre Utsira,1995,11,9.85188888888889
Ytre Utsira,1995,12,8.66624242424242
Ytre Utsira,1996,1,6.36345454545455
Ytre Utsira,1996,2,5.54798484848485
Ytre Utsira,1996,3,5.02414646464646
Ytre Utsira,1996,4,5.64017171717172
Ytre Utsira,1996,5,6.45012121212121
Ytre Utsira,1996,6,7.03744444444444
Ytre Utsira,1996,7,7.32362626262626
Ytre Utsira,1996,8,10.965
Ytre Utsira,1996,9,7.98830303030303
Ytre Utsira,1996,10,9.6149898989899
Ytre Utsira,1996,11,9.57880808080808
Ytre Utsira,1996,12,8.86785858585859
Ytre Utsira,1997,1,7.02268181818182
Ytre Utsira,1997,2,6.58778787878788
Ytre Utsira,1997,3,5.3309797979798
Ytre Utsira,1997,4,5.34675757575758
Ytre Utsira,1997,5,6.47658080808081
Ytre Utsira,1997,6,7.10869696969697
Ytre Utsira,1997,7,8.76987878787879
Ytre Utsira,1997,8,10.7384141414141
Ytre Utsira,1997,9,10.527095959596
Ytre Utsira,1997,10,10.2048181818182
Ytre Utsira,1997,11,10.1644444444444
Ytre Utsira,1997,12,8.52184343434343
Ytre Utsira,1998,1,6.87089898989899
Ytre Utsira,1998,2,6.9665101010101
Ytre Utsira,1998,3,6.60833838383838
Ytre Utsira,1998,4,5.62532828282828
Ytre Utsira,1998,5,6.80642929292929
Ytre Utsira,1998,6,7.75258080808081
Ytre Utsira,1998,7,9.78295454545455
Ytre Utsira,1998,8,11.7777424242424
Ytre Utsira,1998,9,10.6528484848485
Ytre Utsira,1998,10,11.6002323232323
Ytre Utsira,1998,11,9.75836363636364
Ytre Utsira,1998,12,8.39547474747475
Ytre Utsira,1999,1,6.26168181818182
Ytre Utsira,1999,2,6.19570707070707
Ytre Utsira,1999,3,5.72477272727273
Ytre Utsira,1999,4,5.14825252525253
Ytre Utsira,1999,5,6.35986363636364
Ytre Utsira,1999,6,7.9060202020202
Ytre Utsira,1999,7,9.21992929292929
Ytre Utsira,1999,8,13.3378888888889
Ytre Utsira,1999,9,11.9630252525253
Ytre Utsira,1999,10,13.0996515151515
Ytre Utsira,1999,11,8.95422222222222
Ytre Utsira,1999,12,8.60360101010101
Ytre Utsira,2000,1,7.56271212121212
Ytre Utsira,2000,2,7.06351515151515
Ytre Utsira,2000,3,5.97963636363636
Ytre Utsira,2000,4,6.09692424242424
Ytre Utsira,2000,5,6.80386363636364
Ytre Utsira,2000,6,8.08380303030303
Ytre Utsira,2000,7,8.29631313131313
Ytre Utsira,2000,8,10.3478131313131
Ytre Utsira,2000,9,11.9701565656566
Ytre Utsira,2000,10,10.9399747474747
Ytre Utsira,2000,11,10.5676666666667
Ytre Utsira,2000,12,9.39403535353535
Ytre Utsira,2001,1,8.1789494949495
Ytre Utsira,2001,2,7.16348484848485
Ytre Utsira,2001,3,6.80922222222222
Ytre Utsira,2001,4,5.38187878787879
Ytre Utsira,2001,5,6.87364646464646
Ytre Utsira,2001,6,7.1345
Ytre Utsira,2001,7,9.51620707070707
Ytre Utsira,2001,8,11.1964646464646
Ytre Utsira,2001,9,13.8170202020202
Ytre Utsira,2001,10,11.4501515151515
Ytre Utsira,2001,11,12.0215757575758
Ytre Utsira,2001,12,9.19960101010101
Ytre Utsira,2002,1,7.45684848484848
Ytre Utsira,2002,2,6.22023737373737
Ytre Utsira,2002,3,5.89416161616162
Ytre Utsira,2002,4,5.87708080808081
Ytre Utsira,2002,5,6.68994444444444
Ytre Utsira,2002,6,8.71208080808081
Ytre Utsira,2002,7,10.7009191919192
Ytre Utsira,2002,8,11.6247171717172
Ytre Utsira,2002,9,11.6134090909091
Ytre Utsira,2002,10,12.3641262626263
Ytre Utsira,2002,11,9.63526262626263
Ytre Utsira,2002,12,9.3834494949495
Ytre Utsira,2003,1,6.40090909090909
Ytre Utsira,2003,2,5.91053535353535
Ytre Utsira,2003,3,4.78910101010101
Ytre Utsira,2003,4,6.15894444444444
Ytre Utsira,2003,5,6.90942929292929
Ytre Utsira,2003,6,7.75046464646465
Ytre Utsira,2003,7,8.95126767676768
Ytre Utsira,2003,8,10.8593282828283
Ytre Utsira,2003,9,12.1908888888889
Ytre Utsira,2003,10,10.8292575757576
Ytre Utsira,2003,11,9.70625757575758
Ytre Utsira,2003,12,8.00926767676768
Ytre Utsira,2004,1,7.88298484848485
Ytre Utsira,2004,2,6.63970707070707
Ytre Utsira,2004,3,5.90606565656566
Ytre Utsira,2004,4,6.10063636363636
Ytre Utsira,2004,5,6.80200505050505
Ytre Utsira,2004,6,7.92832323232323
Ytre Utsira,2004,7,9.64810606060606
Ytre Utsira,2004,8,11.6333585858586
Ytre Utsira,2004,9,11.4167070707071
Ytre Utsira,2004,10,NaN
Ytre Utsira,2004,11,NaN
Ytre Utsira,2004,12,8.23969696969697
Ytre Utsira,2005,1,NaN
Ytre Utsira,2005,2,6.64951515151515
Ytre Utsira,2005,3,5.63208585858586
Ytre Utsira,2005,4,6.17568181818182
Ytre Utsira,2005,5,7.35919191919192
Ytre Utsira,2005,6,7.83649494949495
Ytre Utsira,2005,7,8.77935353535353
Ytre Utsira,2005,8,9.44515151515152
Ytre Utsira,2005,9,11.0367929292929
Ytre Utsira,2005,10,12.1923383838384
Ytre Utsira,2005,11,10.6544646464646
Ytre Utsira,2005,12,9.43512626262626
Ytre Utsira,2006,1,6.72570707070707
Ytre Utsira,2006,2,5.75149494949495
Ytre Utsira,2006,3,5.32072222222222
Ytre Utsira,2006,4,6.72515151515151
Ytre Utsira,2006,5,7.28748484848485
Ytre Utsira,2006,6,7.98265151515152
Ytre Utsira,2006,7,8.69286868686869
Ytre Utsira,2006,8,10.0516868686869
Ytre Utsira,2006,9,11.272803030303
Ytre Utsira,2006,10,12.3189646464646
Ytre Utsira,2006,11,11.1450101010101
Ytre Utsira,2006,12,10.5140757575758
Ytre Utsira,2007,1,8.82800505050505
Ytre Utsira,2007,2,7.22510101010101
Ytre Utsira,2007,3,NaN
Ytre Utsira,2007,4,6.76864646464646
Ytre Utsira,2007,5,7.71915656565657
Ytre Utsira,2007,6,8.58384848484848
Ytre Utsira,2007,7,9.4570303030303
Ytre Utsira,2007,8,11.0917373737374
Ytre Utsira,2007,9,11.6625202020202
Ytre Utsira,2007,10,13.765696969697
Ytre Utsira,2007,11,11.9359343434343
Ytre Utsira,2007,12,10.3929292929293
Ytre Utsira,2008,1,7.8774696969697
Ytre Utsira,2008,2,6.83430303030303
Ytre Utsira,2008,3,NaN
Ytre Utsira,2008,4,6.61418686868687
Ytre Utsira,2008,5,7.12100505050505
Ytre Utsira,2008,6,7.3684797979798
Ytre Utsira,2008,7,10.2466212121212
Ytre Utsira,2008,8,12.2559292929293
Ytre Utsira,2008,9,11.094
Ytre Utsira,2008,10,10.9920151515152
Ytre Utsira,2008,11,9.68429797979798
Ytre Utsira,2008,12,8.94853535353535
Ytre Utsira,2009,1,8.21831578947369
Ytre Utsira,2009,2,6.39501515151515
Ytre Utsira,2009,3,NaN
Ytre Utsira,2009,4,NaN
Ytre Utsira,2009,5,NaN
Ytre Utsira,2009,6,7.62152525252525
Ytre Utsira,2009,7,9.3489898989899
Ytre Utsira,2009,8,11.9848585858586
Ytre Utsira,2009,9,13.9160757575758
Ytre Utsira,2009,10,11.6245707070707
Ytre Utsira,2009,11,11.3560606060606
Ytre Utsira,2009,12,9.25884343434343
Ytre Utsira,2010,1,7.63176767676768
Ytre Utsira,2010,2,6.19666161616162
Ytre Utsira,2010,3,6.43223232323232
Ytre Utsira,2010,4,6.47016666666667
Ytre Utsira,2010,5,7.39357070707071
Ytre Utsira,2010,6,7.35885353535354
Ytre Utsira,2010,7,7.94814141414141
Ytre Utsira,2010,8,10.9718131313131
Ytre Utsira,2010,9,13.288101010101
Ytre Utsira,2010,10,11.1784444444444
Ytre Utsira,2010,11,10.5487626262626
Ytre Utsira,2010,12,NaN
Ytre Utsira,2011,1,5.47487878787879
Ytre Utsira,2011,2,NaN
Ytre Utsira,2011,3,3.59829797979798
Ytre Utsira,2011,4,5.32829797979798
Ytre Utsira,2011,5,NaN
Ytre Utsira,2011,6,7.75773737373737
Ytre Utsira,2011,7,NaN
Ytre Utsira,2011,8,11.3341616161616
Ytre Utsira,2011,9,10.2995050505051
Ytre Utsira,2011,10,10.9503484848485
Ytre Utsira,2011,11,9.49929797979798
Ytre Utsira,2011,12,7.85657575757576
Ytre Utsira,2012,1,NaN
Ytre Utsira,2012,2,NaN
Ytre Utsira,2012,3,NaN
Ytre Utsira,2012,4,NaN
Ytre Utsira,2012,5,NaN
Ytre Utsira,2012,6,NaN
Ytre Utsira,2012,7,NaN
Ytre Utsira,2012,8,NaN
Ytre Utsira,2012,9,NaN
Ytre Utsira,2012,10,NaN
Ytre Utsira,2012,11,NaN
Ytre Utsira,2012,12,NaN
Ytre Utsira,2013,1,NaN
Ytre Utsira,2013,2,NaN
Ytre Utsira,2013,3,NaN
Ytre Utsira,2013,4,NaN
Ytre Utsira,2013,5,NaN
Ytre Utsira,2013,6,NaN
Ytre Utsira,2013,7,NaN
Ytre Utsira,2013,8,NaN
Ytre Utsira,2013,9,NaN
Ytre Utsira,2013,10,NaN
Ytre Utsira,2013,11,NaN
Ytre Utsira,2013,12,NaN
Ytre Utsira,2014,1,NaN
Ytre Utsira,2014,2,NaN
Ytre Utsira,2014,3,6.11798484848485
Ytre Utsira,2014,4,6.2375101010101
Ytre Utsira,2014,5,7.45280808080808
Ytre Utsira,2014,6,7.76924242424242
Ytre Utsira,2014,7,9.36880303030303
Ytre Utsira,2014,8,10.2516464646465
Ytre Utsira,2014,9,NaN
Ytre Utsira,2014,10,NaN
Ytre Utsira,2014,11,NaN
Ytre Utsira,2014,12,NaN
Ytre Utsira,2015,1,8.03995454545455
Ytre Utsira,2015,2,6.85140909090909
Ytre Utsira,2015,3,6.72555050505051
Ytre Utsira,2015,4,6.54565151515151
Ytre Utsira,2015,5,7.29114646464646
Ytre Utsira,2015,6,8.29861616161616
Ytre Utsira,2015,7,9.4649494949495
Ytre Utsira,2015,8,12.3819848484849
Ytre Utsira,2015,9,13.3787828282828
Ytre Utsira,2015,10,10.7710858585859
Ytre Utsira,2015,11,11.8828585858586
Ytre Utsira,2015,12,9.83191414141414
Ytre Utsira,2016,1,8.38258080808081
Ytre Utsira,2016,2,6.51530808080808
Ytre Utsira,2016,3,6.05506565656566
Ytre Utsira,2016,4,6.81443434343434
Ytre Utsira,2016,5,7.38633838383838
Ytre Utsira,2016,6,8.34170707070707
Ytre Utsira,2016,7,9.75936363636364
Ytre Utsira,2016,8,11.6626060606061
Ytre Utsira,2016,9,12.2151868686869
Ytre Utsira,2016,10,12.2367070707071
Ytre Utsira,2016,11,10.6107424242424
Ytre Utsira,2016,12,10.1122828282828
Ytre Utsira,2017,1,7.60171717171717
Ytre Utsira,2017,2,NaN
Ytre Utsira,2017,3,6.65388383838384
Ytre Utsira,2017,4,7.11491919191919
Ytre Utsira,2017,5,7.90594444444444
Ytre Utsira,2017,6,8.41727777777778
Ytre Utsira,2017,7,10.3750404040404
Ytre Utsira,2017,8,12.3375555555556
Ytre Utsira,2017,9,NaN
Ytre Utsira,2017,10,13.1159292929293
Ytre Utsira,2017,11,10.5301515151515
Ytre Utsira,2017,12,9.01653535353535
Ytre Utsira,2018,1,8.76764141414141
Ytre Utsira,2018,2,NaN
Ytre Utsira,2018,3,5.59055050505051
Ytre Utsira,2018,4,6.34622727272727
Ytre Utsira,2018,5,7.26079797979798
Ytre Utsira,2018,6,7.65036363636364
Ytre Utsira,2018,7,7.95014646464647
Ytre Utsira,2018,8,10.6333333333333
Ytre Utsira,2018,9,13.9859545454545
Ytre Utsira,2018,10,11.7680505050505
Ytre Utsira,2018,11,11.4628434343434
Ytre Utsira,2018,12,9.67488888888889
Ytre Utsira,2019,1,7.8245505050505
Ytre Utsira,2019,2,NaN
Ytre Utsira,2019,3,6.62713636363636
Ytre Utsira,2019,4,6.67618686868687
Ytre Utsira,2019,5,7.34859595959596
Ytre Utsira,2019,6,8.63508080808081
Ytre Utsira,2019,7,9.3570101010101
Ytre Utsira,2019,8,10.7853585858586
Ytre Utsira,2019,9,10.6147727272727
Ytre Utsira,2019,10,11.3827878787879
Ytre Utsira,2019,11,10.6139242424242
Ytre Utsira,2019,12,NaN
Ytre Utsira,2020,1,8.14267171717172
Ytre Utsira,2020,2,7.72785353535353
Ytre Utsira,2020,3,6.5220101010101
Ytre Utsira,2020,4,6.85860606060606
Ytre Utsira,2020,5,7.32558585858586
Ytre Utsira,2020,6,8.82382323232323
Ytre Utsira,2020,7,10.5117828282828
Ytre Utsira,2020,8,12.0806414141414
Ytre Utsira,2020,9,11.2565454545455
Ytre Utsira,2020,10,12.1420202020202
Ytre Utsira,2020,11,11.7747929292929
Ytre Utsira,2020,12,9.079
Sognesjoeen,1940,1,6.2049494949495
Sognesjoeen,1940,2,5.35742424242424
Sognesjoeen,1940,3,5.69808080808081
Sognesjoeen,1940,4,5.47348484848485
Sognesjoeen,1940,5,NaN
Sognesjoeen,1940,6,NaN
Sognesjoeen,1940,7,8.30429292929293
Sognesjoeen,1940,8,7.84308080808081
Sognesjoeen,1940,9,10.244797979798
Sognesjoeen,1940,10,9.75368686868687
Sognesjoeen,1940,11,8.80560606060606
Sognesjoeen,1940,12,7.85025252525252
Sognesjoeen,1941,1,6.7670202020202
Sognesjoeen,1941,2,5.0820202020202
Sognesjoeen,1941,3,4.7289898989899
Sognesjoeen,1941,4,5.85666666666667
Sognesjoeen,1941,5,6.24409090909091
Sognesjoeen,1941,6,7.36893939393939
Sognesjoeen,1941,7,NaN
Sognesjoeen,1941,8,9.58282828282828
Sognesjoeen,1941,9,8.74878787878788
Sognesjoeen,1941,10,9.97131313131313
Sognesjoeen,1941,11,8.77151515151515
Sognesjoeen,1941,12,7.65712121212121
Sognesjoeen,1942,1,5.47
Sognesjoeen,1942,2,4.81914141414141
Sognesjoeen,1942,3,3.85045454545455
Sognesjoeen,1942,4,4.55686868686869
Sognesjoeen,1942,5,5.645
Sognesjoeen,1942,6,6.92222222222222
Sognesjoeen,1942,7,7.75267676767677
Sognesjoeen,1942,8,9.76525252525252
Sognesjoeen,1942,9,8.62171717171717
Sognesjoeen,1942,10,10.3675252525253
Sognesjoeen,1942,11,8.28323232323232
Sognesjoeen,1942,12,7.10343434343434
Sognesjoeen,1943,1,6.69944444444444
Sognesjoeen,1943,2,6.4790404040404
Sognesjoeen,1943,3,6.28111111111111
Sognesjoeen,1943,4,6.44247474747475
Sognesjoeen,1943,5,7.05151515151515
Sognesjoeen,1943,6,7.78217171717172
Sognesjoeen,1943,7,8.76949494949495
Sognesjoeen,1943,8,10.3911111111111
Sognesjoeen,1943,9,10.8747474747475
Sognesjoeen,1943,10,10.4479292929293
Sognesjoeen,1943,11,9.21611111111111
Sognesjoeen,1943,12,7.79929292929293
Sognesjoeen,1944,1,7.71560606060606
Sognesjoeen,1944,2,7.40974747474748
Sognesjoeen,1944,3,6.77828282828283
Sognesjoeen,1944,4,6.7759595959596
Sognesjoeen,1944,5,7.49707070707071
Sognesjoeen,1944,6,8.17454545454545
Sognesjoeen,1944,7,NaN
Sognesjoeen,1944,8,9.41863636363636
Sognesjoeen,1944,9,12.5659595959596
Sognesjoeen,1944,10,10.7081313131313
Sognesjoeen,1944,11,10.5968686868687
Sognesjoeen,1944,12,8.24323232323232
Sognesjoeen,1945,1,6.78459595959596
Sognesjoeen,1945,2,4.6730303030303
Sognesjoeen,1945,3,5.72292929292929
Sognesjoeen,1945,4,6.3100505050505
Sognesjoeen,1945,5,7.06525252525253
Sognesjoeen,1945,6,8.18717171717172
Sognesjoeen,1945,7,NaN
Sognesjoeen,1945,8,NaN
Sognesjoeen,1945,9,9.06252525252525
Sognesjoeen,1945,10,9.93525252525253
Sognesjoeen,1945,11,9.64444444444444
Sognesjoeen,1945,12,7.54878787878788
Sognesjoeen,1946,1,6.50575757575757
Sognesjoeen,1946,2,6.85363636363636
Sognesjoeen,1946,3,5.3440404040404
Sognesjoeen,1946,4,5.95762626262626
Sognesjoeen,1946,5,7.49464646464646
Sognesjoeen,1946,6,8.54712121212121
Sognesjoeen,1946,7,NaN
Sognesjoeen,1946,8,11.2959595959596
Sognesjoeen,1946,9,11.6555555555556
Sognesjoeen,1946,10,9.93328282828283
Sognesjoeen,1946,11,9.74691919191919
Sognesjoeen,1946,12,8.17217171717172
Sognesjoeen,1947,1,6.82691919191919
Sognesjoeen,1947,2,5.82151515151515
Sognesjoeen,1947,3,5.07393939393939
Sognesjoeen,1947,4,NaN
Sognesjoeen,1947,5,6.85772727272727
Sognesjoeen,1947,6,7.88722222222222
Sognesjoeen,1947,7,NaN
Sognesjoeen,1947,8,8.0480303030303
Sognesjoeen,1947,9,11.9593434343434
Sognesjoeen,1947,10,11.1411111111111
Sognesjoeen,1947,11,9.96005050505051
Sognesjoeen,1947,12,8.81363636363636
Sognesjoeen,1948,1,5.89909090909091
Sognesjoeen,1948,2,5.18540404040404
Sognesjoeen,1948,3,5.05853535353535
Sognesjoeen,1948,4,5.85040404040404
Sognesjoeen,1948,5,NaN
Sognesjoeen,1948,6,8.0490404040404
Sognesjoeen,1948,7,9.57646464646465
Sognesjoeen,1948,8,9.66
Sognesjoeen,1948,9,9.69828282828283
Sognesjoeen,1948,10,9.44479797979798
Sognesjoeen,1948,11,9.10065656565657
Sognesjoeen,1948,12,8.18954545454545
Sognesjoeen,1949,1,7.83722222222222
Sognesjoeen,1949,2,7.26393939393939
Sognesjoeen,1949,3,6.85707070707071
Sognesjoeen,1949,4,NaN
Sognesjoeen,1949,5,6.77787878787879
Sognesjoeen,1949,6,7.86116161616162
Sognesjoeen,1949,7,7.7890404040404
Sognesjoeen,1949,8,9.44707070707071
Sognesjoeen,1949,9,10.6792929292929
Sognesjoeen,1949,10,NaN
Sognesjoeen,1949,11,NaN
Sognesjoeen,1949,12,8.77808080808081
Sognesjoeen,1950,1,7.74060606060606
Sognesjoeen,1950,2,7.04454545454546
Sognesjoeen,1950,3,6.01247474747475
Sognesjoeen,1950,4,7.0190404040404
Sognesjoeen,1950,5,7.62838383838384
Sognesjoeen,1950,6,8.2589898989899
Sognesjoeen,1950,7,9.25666666666667
Sognesjoeen,1950,8,11.4041919191919
Sognesjoeen,1950,9,NaN
Sognesjoeen,1950,10,10.4693434343434
Sognesjoeen,1950,11,10.7736363636364
Sognesjoeen,1950,12,8.8219696969697
Sognesjoeen,1951,1,NaN
Sognesjoeen,1951,2,5.07055555555556
Sognesjoeen,1951,3,4.5170202020202
Sognesjoeen,1951,4,5.60762626262626
Sognesjoeen,1951,5,6.85813131313131
Sognesjoeen,1951,6,7.51606060606061
Sognesjoeen,1951,7,7.31070707070707
Sognesjoeen,1951,8,10.4768181818182
Sognesjoeen,1951,9,11.0687373737374
Sognesjoeen,1951,10,12.4027272727273
Sognesjoeen,1951,11,10.4867676767677
Sognesjoeen,1951,12,7.19914141414141
Sognesjoeen,1952,1,6.93560606060606
Sognesjoeen,1952,2,6.6219696969697
Sognesjoeen,1952,3,6.13686868686869
Sognesjoeen,1952,4,5.77722222222222
Sognesjoeen,1952,5,7.395
Sognesjoeen,1952,6,7.58833333333333
Sognesjoeen,1952,7,NaN
Sognesjoeen,1952,8,9.04984848484848
Sognesjoeen,1952,9,10.8172727272727
Sognesjoeen,1952,10,11.7029797979798
Sognesjoeen,1952,11,9.98383838383838
Sognesjoeen,1952,12,8.06282828282828
Sognesjoeen,1953,1,6.41641414141414
Sognesjoeen,1953,2,6.14858585858586
Sognesjoeen,1953,3,5.57717171717172
Sognesjoeen,1953,4,6.06141414141414
Sognesjoeen,1953,5,6.98848484848485
Sognesjoeen,1953,6,8.08257575757576
Sognesjoeen,1953,7,7.84131313131313
Sognesjoeen,1953,8,9.0530303030303
Sognesjoeen,1953,9,8.87131313131313
Sognesjoeen,1953,10,9.48262626262626
Sognesjoeen,1953,11,8.82287878787879
Sognesjoeen,1953,12,6.31686868686869
Sognesjoeen,1954,1,7.67247474747475
Sognesjoeen,1954,2,5.87449494949495
Sognesjoeen,1954,3,5.76545454545455
Sognesjoeen,1954,4,5.08191919191919
Sognesjoeen,1954,5,7.40848484848485
Sognesjoeen,1954,6,9.04712121212121
Sognesjoeen,1954,7,8.15191919191919
Sognesjoeen,1954,8,10.0907575757576
Sognesjoeen,1954,9,9.995
Sognesjoeen,1954,10,10.3572222222222
Sognesjoeen,1954,11,10.7629292929293
Sognesjoeen,1954,12,9.34787878787879
Sognesjoeen,1955,1,6.92949494949495
Sognesjoeen,1955,2,6.03929292929293
Sognesjoeen,1955,3,5.23424242424242
Sognesjoeen,1955,4,6.74348484848485
Sognesjoeen,1955,5,7.06010101010101
Sognesjoeen,1955,6,7.86353535353535
Sognesjoeen,1955,7,8.07151515151515
Sognesjoeen,1955,8,8.84737373737374
Sognesjoeen,1955,9,11.4516161616162
Sognesjoeen,1955,10,11.1347474747475
Sognesjoeen,1955,11,9.97045454545455
Sognesjoeen,1955,12,8.53792929292929
Sognesjoeen,1956,1,6.41121212121212
Sognesjoeen,1956,2,5.37555555555556
Sognesjoeen,1956,3,4.63510101010101
Sognesjoeen,1956,4,5.77252525252525
Sognesjoeen,1956,5,6.76328282828283
Sognesjoeen,1956,6,7.44727272727273
Sognesjoeen,1956,7,7.11333333333333
Sognesjoeen,1956,8,8.8180303030303
Sognesjoeen,1956,9,9.89434343434343
Sognesjoeen,1956,10,9.95934343434343
Sognesjoeen,1956,11,9.59414141414141
Sognesjoeen,1956,12,8.62934343434343
Sognesjoeen,1957,1,7.14873737373737
Sognesjoeen,1957,2,5.66717171717172
Sognesjoeen,1957,3,5.53686868686869
Sognesjoeen,1957,4,6.59510101010101
Sognesjoeen,1957,5,7.31505050505051
Sognesjoeen,1957,6,7.57737373737374
Sognesjoeen,1957,7,8.66964646464646
Sognesjoeen,1957,8,NaN
Sognesjoeen,1957,9,10.3190540540541
Sognesjoeen,1957,10,10.2113131313131
Sognesjoeen,1957,11,9.56025252525252
Sognesjoeen,1957,12,8.28085858585859
Sognesjoeen,1958,1,NaN
Sognesjoeen,1958,2,NaN
Sognesjoeen,1958,3,5.15813131313131
Sognesjoeen,1958,4,6.01212121212121
Sognesjoeen,1958,5,6.86025252525253
Sognesjoeen,1958,6,7.6319696969697
Sognesjoeen,1958,7,7.67914141414141
Sognesjoeen,1958,8,NaN
Sognesjoeen,1958,9,11.2638383838384
Sognesjoeen,1958,10,NaN
Sognesjoeen,1958,11,10.1974747474747
Sognesjoeen,1958,12,NaN
Sognesjoeen,1959,1,7.52212121212121
Sognesjoeen,1959,2,6.10348484848485
Sognesjoeen,1959,3,5.85823232323232
Sognesjoeen,1959,4,5.4759595959596
Sognesjoeen,1959,5,6.9939898989899
Sognesjoeen,1959,6,8.19040404040404
Sognesjoeen,1959,7,10.2777272727273
Sognesjoeen,1959,8,NaN
Sognesjoeen,1959,9,NaN
Sognesjoeen,1959,10,11.3612626262626
Sognesjoeen,1959,11,NaN
Sognesjoeen,1959,12,9.55464646464647
Sognesjoeen,1960,1,6.81934343434343
Sognesjoeen,1960,2,5.55212121212121
Sognesjoeen,1960,3,6.25454545454545
Sognesjoeen,1960,4,6.93227272727273
Sognesjoeen,1960,5,7.63338383838384
Sognesjoeen,1960,6,8.97439393939394
Sognesjoeen,1960,7,8.15222222222222
Sognesjoeen,1960,8,10.800101010101
Sognesjoeen,1960,9,9.84909090909091
Sognesjoeen,1960,10,10.1221212121212
Sognesjoeen,1960,11,11.0666161616162
Sognesjoeen,1960,12,9.26010101010101
Sognesjoeen,1961,1,6.81752525252525
Sognesjoeen,1961,2,NaN
Sognesjoeen,1961,3,6.29878787878788
Sognesjoeen,1961,4,6.78116161616162
Sognesjoeen,1961,5,7.32479797979798
Sognesjoeen,1961,6,NaN
Sognesjoeen,1961,7,NaN
Sognesjoeen,1961,8,9.68949494949495
Sognesjoeen,1961,9,10.289898989899
Sognesjoeen,1961,10,11.6741919191919
Sognesjoeen,1961,11,NaN
Sognesjoeen,1961,12,NaN
Sognesjoeen,1962,1,7.18020202020202
Sognesjoeen,1962,2,NaN
Sognesjoeen,1962,3,6.45171717171717
Sognesjoeen,1962,4,6.52217171717172
Sognesjoeen,1962,5,7.55616161616162
Sognesjoeen,1962,6,8.20015151515151
Sognesjoeen,1962,7,8.2029797979798
Sognesjoeen,1962,8,10.4932828282828
Sognesjoeen,1962,9,NaN
Sognesjoeen,1962,10,11.8523737373737
Sognesjoeen,1962,11,10.7180303030303
Sognesjoeen,1962,12,NaN
Sognesjoeen,1963,1,5.50560606060606
Sognesjoeen,1963,2,NaN
Sognesjoeen,1963,3,4.63353535353535
Sognesjoeen,1963,4,5.78282828282828
Sognesjoeen,1963,5,6.71106060606061
Sognesjoeen,1963,6,7.42055555555556
Sognesjoeen,1963,7,8.21808080808081
Sognesjoeen,1963,8,9.85540404040404
Sognesjoeen,1963,9,10.1683333333333
Sognesjoeen,1963,10,NaN
Sognesjoeen,1963,11,9.45116161616161
Sognesjoeen,1963,12,6.86636363636364
Sognesjoeen,1964,1,7.14449494949495
Sognesjoeen,1964,2,7.02383838383838
Sognesjoeen,1964,3,6.61353535353535
Sognesjoeen,1964,4,6.26742424242424
Sognesjoeen,1964,5,6.94732323232323
Sognesjoeen,1964,6,8.15464646464646
Sognesjoeen,1964,7,NaN
Sognesjoeen,1964,8,9.93429292929293
Sognesjoeen,1964,9,10.8837373737374
Sognesjoeen,1964,10,10.0896464646465
Sognesjoeen,1964,11,10.3335353535354
Sognesjoeen,1964,12,8.87287878787879
Sognesjoeen,1965,1,6.45520202020202
Sognesjoeen,1965,2,NaN
Sognesjoeen,1965,3,6.68818181818182
Sognesjoeen,1965,4,6.17267676767677
Sognesjoeen,1965,5,6.83545454545455
Sognesjoeen,1965,6,NaN
Sognesjoeen,1965,7,7.69833333333333
Sognesjoeen,1965,8,8.79282828282828
Sognesjoeen,1965,9,9.60873737373737
Sognesjoeen,1965,10,10.7443939393939
Sognesjoeen,1965,11,NaN
Sognesjoeen,1965,12,7.99888888888889
Sognesjoeen,1966,1,5.82722222222222
Sognesjoeen,1966,2,5.05843434343434
Sognesjoeen,1966,3,4.77126262626263
Sognesjoeen,1966,4,6.28530303030303
Sognesjoeen,1966,5,5.83308080808081
Sognesjoeen,1966,6,7.00474747474748
Sognesjoeen,1966,7,7.03151515151515
Sognesjoeen,1966,8,7.91252525252525
Sognesjoeen,1966,9,NaN
Sognesjoeen,1966,10,10.7728787878788
Sognesjoeen,1966,11,9.07
Sognesjoeen,1966,12,6.87287878787879
Sognesjoeen,1967,1,6.58035353535353
Sognesjoeen,1967,2,NaN
Sognesjoeen,1967,3,NaN
Sognesjoeen,1967,4,5.56171717171717
Sognesjoeen,1967,5,6.61606060606061
Sognesjoeen,1967,6,NaN
Sognesjoeen,1967,7,7.91227272727273
Sognesjoeen,1967,8,8.98424242424242
Sognesjoeen,1967,9,NaN
Sognesjoeen,1967,10,9.61964646464646
Sognesjoeen,1967,11,NaN
Sognesjoeen,1967,12,8.75282828282828
Sognesjoeen,1968,1,NaN
Sognesjoeen,1968,2,NaN
Sognesjoeen,1968,3,6.28818181818182
Sognesjoeen,1968,4,6.35631313131313
Sognesjoeen,1968,5,7.01015151515151
Sognesjoeen,1968,6,8.61919191919192
Sognesjoeen,1968,7,7.32424242424242
Sognesjoeen,1968,8,7.34833333333333
Sognesjoeen,1968,9,11.4144949494949
Sognesjoeen,1968,10,NaN
Sognesjoeen,1968,11,11.030101010101
Sognesjoeen,1968,12,NaN
Sognesjoeen,1969,1,6.16479797979798
Sognesjoeen,1969,2,5.32333333333333
Sognesjoeen,1969,3,5.16323232323232
Sognesjoeen,1969,4,6.33621212121212
Sognesjoeen,1969,5,6.54853535353535
Sognesjoeen,1969,6,7.81368686868687
Sognesjoeen,1969,7,8.68080808080808
Sognesjoeen,1969,8,8.93252525252525
Sognesjoeen,1969,9,9.49636363636364
Sognesjoeen,1969,10,10.0238888888889
Sognesjoeen,1969,11,9.45434343434343
Sognesjoeen,1969,12,7.72191919191919
Sognesjoeen,1970,1,6.42843434343434
Sognesjoeen,1970,2,5.00646464646465
Sognesjoeen,1970,3,4.355
Sognesjoeen,1970,4,5.01155405405405
Sognesjoeen,1970,5,5.95555555555556
Sognesjoeen,1970,6,7.35222222222222
Sognesjoeen,1970,7,8.24722222222222
Sognesjoeen,1970,8,9.18707070707071
Sognesjoeen,1970,9,8.87055555555555
Sognesjoeen,1970,10,9.10363636363636
Sognesjoeen,1970,11,8.99479797979798
Sognesjoeen,1970,12,8.26151515151515
Sognesjoeen,1971,1,7.35489898989899
Sognesjoeen,1971,2,6.84984848484848
Sognesjoeen,1971,3,NaN
Sognesjoeen,1971,4,6.76393939393939
Sognesjoeen,1971,5,7.30994949494949
Sognesjoeen,1971,6,NaN
Sognesjoeen,1971,7,8.06863636363637
Sognesjoeen,1971,8,8.84671717171717
Sognesjoeen,1971,9,10.0740404040404
Sognesjoeen,1971,10,10.510404040404
Sognesjoeen,1971,11,8.83616161616162
Sognesjoeen,1971,12,8.63287878787879
Sognesjoeen,1972,1,7.43257575757576
Sognesjoeen,1972,2,NaN
Sognesjoeen,1972,3,5.78055555555556
Sognesjoeen,1972,4,6.64474747474747
Sognesjoeen,1972,5,7.47141414141414
Sognesjoeen,1972,6,8.25030303030303
Sognesjoeen,1972,7,8.11287878787879
Sognesjoeen,1972,8,8.51772727272727
Sognesjoeen,1972,9,NaN
Sognesjoeen,1972,10,8.89792929292929
Sognesjoeen,1972,11,9.94939393939394
Sognesjoeen,1972,12,8.49065656565657
Sognesjoeen,1973,1,7.57666666666667
Sognesjoeen,1973,2,6.77853535353535
Sognesjoeen,1973,3,6.87449494949495
Sognesjoeen,1973,4,7.42489898989899
Sognesjoeen,1973,5,7.35207070707071
Sognesjoeen,1973,6,8.62116161616162
Sognesjoeen,1973,7,8.4389898989899
Sognesjoeen,1973,8,9.33368686868687
Sognesjoeen,1973,9,8.66611111111111
Sognesjoeen,1973,10,8.7489898989899
Sognesjoeen,1973,11,8.22262626262626
Sognesjoeen,1973,12,7.60530303030303
Sognesjoeen,1974,1,6.62924242424242
Sognesjoeen,1974,2,5.95025252525253
Sognesjoeen,1974,3,5.65030303030303
Sognesjoeen,1974,4,6.87651515151515
Sognesjoeen,1974,5,7.66676767676768
Sognesjoeen,1974,6,8.11409090909091
Sognesjoeen,1974,7,8.10242424242424
Sognesjoeen,1974,8,11.1764141414141
Sognesjoeen,1974,9,10.950404040404
Sognesjoeen,1974,10,9.92540404040404
Sognesjoeen,1974,11,NaN
Sognesjoeen,1974,12,7.3690404040404
Sognesjoeen,1975,1,7.59085858585859
Sognesjoeen,1975,2,6.75949494949495
Sognesjoeen,1975,3,6.47833333333333
Sognesjoeen,1975,4,7.01924242424242
Sognesjoeen,1975,5,6.7949494949495
Sognesjoeen,1975,6,8.2460101010101
Sognesjoeen,1975,7,8.14939393939394
Sognesjoeen,1975,8,10.3443939393939
Sognesjoeen,1975,9,12.2932828282828
Sognesjoeen,1975,10,11.7062121212121
Sognesjoeen,1975,11,9.66449494949495
Sognesjoeen,1975,12,7.82883838383838
Sognesjoeen,1976,1,6.52080808080808
Sognesjoeen,1976,2,5.73479797979798
Sognesjoeen,1976,3,5.59020202020202
Sognesjoeen,1976,4,5.92813131313131
Sognesjoeen,1976,5,7.71181818181818
Sognesjoeen,1976,6,8.21712121212121
Sognesjoeen,1976,7,8.74464646464646
Sognesjoeen,1976,8,7.85373737373737
Sognesjoeen,1976,9,11.2981313131313
Sognesjoeen,1976,10,11.2925757575758
Sognesjoeen,1976,11,10.7112626262626
Sognesjoeen,1976,12,8.46343434343434
Sognesjoeen,1977,1,6.77671717171717
Sognesjoeen,1977,2,5.5759595959596
Sognesjoeen,1977,3,5.16580808080808
Sognesjoeen,1977,4,5.78227272727273
Sognesjoeen,1977,5,6.64055555555556
Sognesjoeen,1977,6,7.26974747474747
Sognesjoeen,1977,7,7.58858585858586
Sognesjoeen,1977,8,9.20358585858586
Sognesjoeen,1977,9,8.05737373737374
Sognesjoeen,1977,10,10.1764141414141
Sognesjoeen,1977,11,9.38828282828283
Sognesjoeen,1977,12,8.4210101010101
Sognesjoeen,1978,1,7.31237373737374
Sognesjoeen,1978,2,6.14777777777778
Sognesjoeen,1978,3,5.01469696969697
Sognesjoeen,1978,4,5.08924242424242
Sognesjoeen,1978,5,6.76318181818182
Sognesjoeen,1978,6,7.34924242424242
Sognesjoeen,1978,7,7.34787878787879
Sognesjoeen,1978,8,8.16954545454545
Sognesjoeen,1978,9,8.55348484848485
Sognesjoeen,1978,10,9.9209595959596
Sognesjoeen,1978,11,9.85318181818182
Sognesjoeen,1978,12,8.99787878787879
Sognesjoeen,1979,1,5.79136363636364
Sognesjoeen,1979,2,5.07621212121212
Sognesjoeen,1979,3,4.22883838383838
Sognesjoeen,1979,4,5.00242424242424
Sognesjoeen,1979,5,6.1400505050505
Sognesjoeen,1979,6,7.42474747474747
Sognesjoeen,1979,7,6.68868686868687
Sognesjoeen,1979,8,9.70494949494949
Sognesjoeen,1979,9,8.19818181818182
Sognesjoeen,1979,10,9.52045454545454
Sognesjoeen,1979,11,9.19257575757576
Sognesjoeen,1979,12,8.40444444444444
Sognesjoeen,1980,1,5.98732323232323
Sognesjoeen,1980,2,5.01540404040404
Sognesjoeen,1980,3,4.70823232323232
Sognesjoeen,1980,4,5.76343434343434
Sognesjoeen,1980,5,6.83126262626263
Sognesjoeen,1980,6,7.56621212121212
Sognesjoeen,1980,7,8.49742424242424
Sognesjoeen,1980,8,8.92969696969697
Sognesjoeen,1980,9,9.23333333333333
Sognesjoeen,1980,10,9.5499494949495
Sognesjoeen,1980,11,8.96914141414141
Sognesjoeen,1980,12,7.33111111111111
Sognesjoeen,1981,1,7.03343434343434
Sognesjoeen,1981,2,5.21949494949495
Sognesjoeen,1981,3,4.73353535353535
Sognesjoeen,1981,4,5.72813131313131
Sognesjoeen,1981,5,7.37161616161616
Sognesjoeen,1981,6,6.94555555555556
Sognesjoeen,1981,7,8.2559595959596
Sognesjoeen,1981,8,8.08863636363636
Sognesjoeen,1981,9,11.209696969697
Sognesjoeen,1981,10,11.7064646464646
Sognesjoeen,1981,11,8.84626262626263
Sognesjoeen,1981,12,7.26772727272727
Sognesjoeen,1982,1,4.96146464646465
Sognesjoeen,1982,2,4.71520202020202
Sognesjoeen,1982,3,5.22176767676768
Sognesjoeen,1982,4,6.38585858585859
Sognesjoeen,1982,5,6.67191919191919
Sognesjoeen,1982,6,7.15590909090909
Sognesjoeen,1982,7,9.08070707070707
Sognesjoeen,1982,8,8.93146464646465
Sognesjoeen,1982,9,10.9560101010101
Sognesjoeen,1982,10,10.3082323232323
Sognesjoeen,1982,11,9.57878787878788
Sognesjoeen,1982,12,6.87494949494949
Sognesjoeen,1983,1,7.53540404040404
Sognesjoeen,1983,2,6.9670202020202
Sognesjoeen,1983,3,6.65762626262626
Sognesjoeen,1983,4,6.28166666666667
Sognesjoeen,1983,5,7.26868686868687
Sognesjoeen,1983,6,8.0109595959596
Sognesjoeen,1983,7,8.01333333333333
Sognesjoeen,1983,8,8.02590909090909
Sognesjoeen,1983,9,10.9003535353535
Sognesjoeen,1983,10,11.4405555555556
Sognesjoeen,1983,11,9.46732323232323
Sognesjoeen,1983,12,8.32156565656566
Sognesjoeen,1984,1,6.6570202020202
Sognesjoeen,1984,2,4.86030303030303
Sognesjoeen,1984,3,5.81121212121212
Sognesjoeen,1984,4,5.85090909090909
Sognesjoeen,1984,5,6.75646464646465
Sognesjoeen,1984,6,6.87883838383838
Sognesjoeen,1984,7,7.30368686868687
Sognesjoeen,1984,8,8.38520202020202
Sognesjoeen,1984,9,8.60686868686869
Sognesjoeen,1984,10,10.7561616161616
Sognesjoeen,1984,11,9.94161616161616
Sognesjoeen,1984,12,8.15479797979798
Sognesjoeen,1985,1,7.29974747474747
Sognesjoeen,1985,2,6.34681818181818
Sognesjoeen,1985,3,6.09136363636364
Sognesjoeen,1985,4,7.10474747474747
Sognesjoeen,1985,5,7.50813131313131
Sognesjoeen,1985,6,NaN
Sognesjoeen,1985,7,8.72409090909091
Sognesjoeen,1985,8,11.0048484848485
Sognesjoeen,1985,9,9.59747474747475
Sognesjoeen,1985,10,10.8786868686869
Sognesjoeen,1985,11,10.1906565656566
Sognesjoeen,1985,12,8.40515151515152
Sognesjoeen,1986,1,6.80681818181818
Sognesjoeen,1986,2,5.35020202020202
Sognesjoeen,1986,3,4.7179797979798
Sognesjoeen,1986,4,5.49777777777778
Sognesjoeen,1986,5,6.17232323232323
Sognesjoeen,1986,6,7.15853535353535
Sognesjoeen,1986,7,7.68348484848485
Sognesjoeen,1986,8,9.5689393939394
Sognesjoeen,1986,9,10.4470202020202
Sognesjoeen,1986,10,10.6131313131313
Sognesjoeen,1986,11,9.06732323232323
Sognesjoeen,1986,12,7.32343434343434
Sognesjoeen,1987,1,6.86858585858586
Sognesjoeen,1987,2,6.99747474747475
Sognesjoeen,1987,3,5.48368686868687
Sognesjoeen,1987,4,5.06651515151515
Sognesjoeen,1987,5,6.95661616161616
Sognesjoeen,1987,6,7.30590909090909
Sognesjoeen,1987,7,7.87873737373737
Sognesjoeen,1987,8,9.11040404040404
Sognesjoeen,1987,9,8.83055555555556
Sognesjoeen,1987,10,9.44782828282828
Sognesjoeen,1987,11,NaN
Sognesjoeen,1987,12,8.05363636363636
Sognesjoeen,1988,1,8.40823232323232
Sognesjoeen,1988,2,6.19045454545455
Sognesjoeen,1988,3,6.16045454545455
Sognesjoeen,1988,4,6.27308080808081
Sognesjoeen,1988,5,7.00358585858586
Sognesjoeen,1988,6,7.50848484848485
Sognesjoeen,1988,7,9.89368686868687
Sognesjoeen,1988,8,10.3623232323232
Sognesjoeen,1988,9,10.3065151515152
Sognesjoeen,1988,10,10.1918686868687
Sognesjoeen,1988,11,9.91969696969697
Sognesjoeen,1988,12,9.17515151515152
Sognesjoeen,1989,1,NaN
Sognesjoeen,1989,2,NaN
Sognesjoeen,1989,3,6.3970202020202
Sognesjoeen,1989,4,6.55646464646465
Sognesjoeen,1989,5,7.57580808080808
Sognesjoeen,1989,6,8.05363636363636
Sognesjoeen,1989,7,8.16626262626263
Sognesjoeen,1989,8,9.45333333333333
Sognesjoeen,1989,9,10.3280808080808
Sognesjoeen,1989,10,11.0214141414141
Sognesjoeen,1989,11,9.72388888888889
Sognesjoeen,1989,12,8.32338383838384
Sognesjoeen,1990,1,7.39722222222222
Sognesjoeen,1990,2,7.26939393939394
Sognesjoeen,1990,3,6.8950505050505
Sognesjoeen,1990,4,7.28207070707071
Sognesjoeen,1990,5,7.52621212121212
Sognesjoeen,1990,6,8.6290404040404
Sognesjoeen,1990,7,9.44747474747475
Sognesjoeen,1990,8,10.5389393939394
Sognesjoeen,1990,9,11.6166666666667
Sognesjoeen,1990,10,10.0329292929293
Sognesjoeen,1990,11,10.1473232323232
Sognesjoeen,1990,12,8.93979797979798
Sognesjoeen,1991,1,6.96025252525253
Sognesjoeen,1991,2,7.10878787878788
Sognesjoeen,1991,3,6.62
Sognesjoeen,1991,4,7.19818181818182
Sognesjoeen,1991,5,7.97060606060606
Sognesjoeen,1991,6,8.14161616161616
Sognesjoeen,1991,7,9.39075757575758
Sognesjoeen,1991,8,10.2524747474747
Sognesjoeen,1991,9,NaN
Sognesjoeen,1991,10,10.9774747474747
Sognesjoeen,1991,11,10.6624242424242
Sognesjoeen,1991,12,9.47333333333333
Sognesjoeen,1992,1,7.82025252525252
Sognesjoeen,1992,2,7.37929292929293
Sognesjoeen,1992,3,6.83262626262626
Sognesjoeen,1992,4,7.26954545454545
Sognesjoeen,1992,5,7.79772727272727
Sognesjoeen,1992,6,8.65161616161616
Sognesjoeen,1992,7,8.86025252525253
Sognesjoeen,1992,8,10.2867676767677
Sognesjoeen,1992,9,10.2563131313131
Sognesjoeen,1992,10,10.3300505050505
Sognesjoeen,1992,11,9.3289898989899
Sognesjoeen,1992,12,8.80414141414141
Sognesjoeen,1993,1,7.41621212121212
Sognesjoeen,1993,2,6.82863636363636
Sognesjoeen,1993,3,6.49636363636364
Sognesjoeen,1993,4,6.51545454545455
Sognesjoeen,1993,5,7.6620202020202
Sognesjoeen,1993,6,7.72252525252525
Sognesjoeen,1993,7,7.96530303030303
Sognesjoeen,1993,8,9.67292929292929
Sognesjoeen,1993,9,12.5325757575758
Sognesjoeen,1993,10,11.5719191919192
Sognesjoeen,1993,11,9.08671717171717
Sognesjoeen,1993,12,7.96944444444444
Sognesjoeen,1994,1,NaN
Sognesjoeen,1994,2,NaN
Sognesjoeen,1994,3,NaN
Sognesjoeen,1994,4,NaN
Sognesjoeen,1994,5,NaN
Sognesjoeen,1994,6,7.1025202020202
Sognesjoeen,1994,7,8.07471717171717
Sognesjoeen,1994,8,9.84589898989899
Sognesjoeen,1994,9,10.0725252525253
Sognesjoeen,1994,10,11.1371717171717
Sognesjoeen,1994,11,NaN
Sognesjoeen,1994,12,NaN
Sognesjoeen,1995,1,NaN
Sognesjoeen,1995,2,6.39192929292929
Sognesjoeen,1995,3,6.19049494949495
Sognesjoeen,1995,4,NaN
Sognesjoeen,1995,5,7.51778787878788
Sognesjoeen,1995,6,7.52363131313131
Sognesjoeen,1995,7,8.1409797979798
Sognesjoeen,1995,8,8.33082323232323
Sognesjoeen,1995,9,10.2393282828283
Sognesjoeen,1995,10,8.93888888888889
Sognesjoeen,1995,11,9.09282828282828
Sognesjoeen,1995,12,8.59684343434343
Sognesjoeen,1996,1,6.50541414141414
Sognesjoeen,1996,2,5.74814646464646
Sognesjoeen,1996,3,5.5840101010101
Sognesjoeen,1996,4,6.00212626262626
Sognesjoeen,1996,5,7.16807070707071
Sognesjoeen,1996,6,7.69858585858586
Sognesjoeen,1996,7,7.72531818181818
Sognesjoeen,1996,8,10.8467121212121
Sognesjoeen,1996,9,NaN
Sognesjoeen,1996,10,9.97161111111111
Sognesjoeen,1996,11,9.28688383838384
Sognesjoeen,1996,12,8.37121717171717
Sognesjoeen,1997,1,6.87916666666667
Sognesjoeen,1997,2,6.6914898989899
Sognesjoeen,1997,3,6.44784848484848
Sognesjoeen,1997,4,6.84199494949495
Sognesjoeen,1997,5,7.3755202020202
Sognesjoeen,1997,6,7.35734848484849
Sognesjoeen,1997,7,9.10788383838384
Sognesjoeen,1997,8,9.61544949494949
Sognesjoeen,1997,9,9.14715151515152
Sognesjoeen,1997,10,10.8375909090909
Sognesjoeen,1997,11,9.74923737373737
Sognesjoeen,1997,12,8.19040404040404
Sognesjoeen,1998,1,7.41128282828283
Sognesjoeen,1998,2,7.14467676767677
Sognesjoeen,1998,3,7.16513131313131
Sognesjoeen,1998,4,6.4634696969697
Sognesjoeen,1998,5,7.35112626262626
Sognesjoeen,1998,6,7.85409595959596
Sognesjoeen,1998,7,9.25636363636364
Sognesjoeen,1998,8,10.9945101010101
Sognesjoeen,1998,9,10.8234747474747
Sognesjoeen,1998,10,9.73629797979798
Sognesjoeen,1998,11,9.01160606060606
Sognesjoeen,1998,12,8.06810606060606
Sognesjoeen,1999,1,7.52594444444444
Sognesjoeen,1999,2,5.99656060606061
Sognesjoeen,1999,3,6.01601515151515
Sognesjoeen,1999,4,6.87583838383838
Sognesjoeen,1999,5,7.55888383838384
Sognesjoeen,1999,6,8.20490909090909
Sognesjoeen,1999,7,9.09757575757576
Sognesjoeen,1999,8,NaN
Sognesjoeen,1999,9,10.1233282828283
Sognesjoeen,1999,10,10.6397828282828
Sognesjoeen,1999,11,9.08731818181818
Sognesjoeen,1999,12,8.0184696969697
Sognesjoeen,2000,1,7.63371717171717
Sognesjoeen,2000,2,6.99469696969697
Sognesjoeen,2000,3,6.89326262626263
Sognesjoeen,2000,4,7.15054545454545
Sognesjoeen,2000,5,7.56975252525253
Sognesjoeen,2000,6,7.92226262626263
Sognesjoeen,2000,7,7.37326767676768
Sognesjoeen,2000,8,9.35431818181818
Sognesjoeen,2000,9,13.0575555555556
Sognesjoeen,2000,10,10.8858535353535
Sognesjoeen,2000,11,10.6400555555556
Sognesjoeen,2000,12,8.48588383838384
Sognesjoeen,2001,1,7.2815202020202
Sognesjoeen,2001,2,7.13075252525253
Sognesjoeen,2001,3,6.2395
Sognesjoeen,2001,4,6.50267171717172
Sognesjoeen,2001,5,8.04785858585859
Sognesjoeen,2001,6,8.30636868686869
Sognesjoeen,2001,7,9.55875757575757
Sognesjoeen,2001,8,11.4772272727273
Sognesjoeen,2001,9,11.4225454545455
Sognesjoeen,2001,10,11.9491515151515
Sognesjoeen,2001,11,10.8209898989899
Sognesjoeen,2001,12,10.5041868686869
Sognesjoeen,2002,1,7.27908585858586
Sognesjoeen,2002,2,6.81392424242424
Sognesjoeen,2002,3,6.46048484848485
Sognesjoeen,2002,4,6.24513636363636
Sognesjoeen,2002,5,7.85022727272727
Sognesjoeen,2002,6,8.88909595959596
Sognesjoeen,2002,7,9.04418181818182
Sognesjoeen,2002,8,9.84497474747475
Sognesjoeen,2002,9,10.9790505050505
Sognesjoeen,2002,10,11.9347222222222
Sognesjoeen,2002,11,9.42498484848485
Sognesjoeen,2002,12,9.04188888888889
Sognesjoeen,2003,1,6.63328282828283
Sognesjoeen,2003,2,5.41322727272727
Sognesjoeen,2003,3,5.64490404040404
Sognesjoeen,2003,4,7.10613636363636
Sognesjoeen,2003,5,7.69159595959596
Sognesjoeen,2003,6,8.28337373737374
Sognesjoeen,2003,7,9.86437373737374
Sognesjoeen,2003,8,10.236297979798
Sognesjoeen,2003,9,10.6808484848485
Sognesjoeen,2003,10,11.2275909090909
Sognesjoeen,2003,11,NaN
Sognesjoeen,2003,12,8.15559090909091
Sognesjoeen,2004,1,NaN
Sognesjoeen,2004,2,7.01926262626263
Sognesjoeen,2004,3,6.38683838383838
Sognesjoeen,2004,4,6.90067676767677
Sognesjoeen,2004,5,7.6114494949495
Sognesjoeen,2004,6,8.16206060606061
Sognesjoeen,2004,7,9.76790404040404
Sognesjoeen,2004,8,10.5966818181818
Sognesjoeen,2004,9,10.1755606060606
Sognesjoeen,2004,10,10.6425606060606
Sognesjoeen,2004,11,10.3451515151515
Sognesjoeen,2004,12,9.66773737373737
Sognesjoeen,2005,1,8.1964898989899
Sognesjoeen,2005,2,7.61834848484849
Sognesjoeen,2005,3,6.34024747474748
Sognesjoeen,2005,4,7.29803535353535
Sognesjoeen,2005,5,8.21463636363636
Sognesjoeen,2005,6,8.84276262626263
Sognesjoeen,2005,7,9.48709090909091
Sognesjoeen,2005,8,8.9695505050505
Sognesjoeen,2005,9,10.9177121212121
Sognesjoeen,2005,10,NaN
Sognesjoeen,2005,11,NaN
Sognesjoeen,2005,12,8.74609090909091
Sognesjoeen,2006,1,7.23215151515151
Sognesjoeen,2006,2,6.80465656565657
Sognesjoeen,2006,3,5.78976262626263
Sognesjoeen,2006,4,6.92838888888889
Sognesjoeen,2006,5,7.96448484848485
Sognesjoeen,2006,6,8.72412121212121
Sognesjoeen,2006,7,10.2749696969697
Sognesjoeen,2006,8,10.487303030303
Sognesjoeen,2006,9,11.4412878787879
Sognesjoeen,2006,10,11.7863888888889
Sognesjoeen,2006,11,11.3754898989899
Sognesjoeen,2006,12,10.1195303030303
Sognesjoeen,2007,1,9.31964646464646
Sognesjoeen,2007,2,8.23181818181818
Sognesjoeen,2007,3,7.47724242424242
Sognesjoeen,2007,4,7.73977272727273
Sognesjoeen,2007,5,8.51301515151515
Sognesjoeen,2007,6,8.89337878787879
Sognesjoeen,2007,7,9.23797474747475
Sognesjoeen,2007,8,11.2424797979798
Sognesjoeen,2007,9,11.7180909090909
Sognesjoeen,2007,10,12.4832525252525
Sognesjoeen,2007,11,NaN
Sognesjoeen,2007,12,10.3651919191919
Sognesjoeen,2008,1,7.21211111111111
Sognesjoeen,2008,2,6.88614141414141
Sognesjoeen,2008,3,7.33117676767677
Sognesjoeen,2008,4,6.68064141414141
Sognesjoeen,2008,5,7.6635202020202
Sognesjoeen,2008,6,8.85979292929293
Sognesjoeen,2008,7,10.2242222222222
Sognesjoeen,2008,8,11.4483232323232
Sognesjoeen,2008,9,9.2260202020202
Sognesjoeen,2008,10,10.7429797979798
Sognesjoeen,2008,11,9.69461111111111
Sognesjoeen,2008,12,8.1160505050505
Sognesjoeen,2009,1,8.25264141414141
Sognesjoeen,2009,2,6.57875252525252
Sognesjoeen,2009,3,6.67021717171717
Sognesjoeen,2009,4,7.65510606060606
Sognesjoeen,2009,5,8.22352525252525
Sognesjoeen,2009,6,8.10244949494949
Sognesjoeen,2009,7,9.38125757575757
Sognesjoeen,2009,8,11.6021212121212
Sognesjoeen,2009,9,12.4705555555556
Sognesjoeen,2009,10,11.5997323232323
Sognesjoeen,2009,11,10.9166414141414
Sognesjoeen,2009,12,8.60623232323232
Sognesjoeen,2010,1,6.6624797979798
Sognesjoeen,2010,2,6.47743434343434
Sognesjoeen,2010,3,6.53757070707071
Sognesjoeen,2010,4,7.02990404040404
Sognesjoeen,2010,5,8.18059090909091
Sognesjoeen,2010,6,8.32377272727273
Sognesjoeen,2010,7,10.8567727272727
Sognesjoeen,2010,8,12.3698232323232
Sognesjoeen,2010,9,12.2069595959596
Sognesjoeen,2010,10,10.8218686868687
Sognesjoeen,2010,11,10.0812525252525
Sognesjoeen,2010,12,8.29283838383838
Sognesjoeen,2011,1,5.8065101010101
Sognesjoeen,2011,2,5.05941919191919
Sognesjoeen,2011,3,5.77384343434343
Sognesjoeen,2011,4,5.80979292929293
Sognesjoeen,2011,5,7.03163131313131
Sognesjoeen,2011,6,7.68897474747475
Sognesjoeen,2011,7,9.54590404040404
Sognesjoeen,2011,8,10.1935606060606
Sognesjoeen,2011,9,9.76284848484848
Sognesjoeen,2011,10,11.9180252525253
Sognesjoeen,2011,11,NaN
Sognesjoeen,2011,12,7.94744444444444
Sognesjoeen,2012,1,8.49724747474747
Sognesjoeen,2012,2,7.33564141414141
Sognesjoeen,2012,3,NaN
Sognesjoeen,2012,4,8.17789393939394
Sognesjoeen,2012,5,8.06841414141414
Sognesjoeen,2012,6,8.18719191919192
Sognesjoeen,2012,7,9.61072727272727
Sognesjoeen,2012,8,10.1330151515152
Sognesjoeen,2012,9,11.9737373737374
Sognesjoeen,2012,10,NaN
Sognesjoeen,2012,11,11.2065555555556
Sognesjoeen,2012,12,9.78684848484849
Sognesjoeen,2013,1,NaN
Sognesjoeen,2013,2,NaN
Sognesjoeen,2013,3,NaN
Sognesjoeen,2013,4,NaN
Sognesjoeen,2013,5,NaN
Sognesjoeen,2013,6,NaN
Sognesjoeen,2013,7,NaN
Sognesjoeen,2013,8,NaN
Sognesjoeen,2013,9,10.0228131313131
Sognesjoeen,2013,10,NaN
Sognesjoeen,2013,11,9.69435858585859
Sognesjoeen,2013,12,NaN
Sognesjoeen,2014,1,7.98721717171717
Sognesjoeen,2014,2,6.11071212121212
Sognesjoeen,2014,3,6.3239898989899
Sognesjoeen,2014,4,6.51517171717172
Sognesjoeen,2014,5,7.4839696969697
Sognesjoeen,2014,6,7.75362626262626
Sognesjoeen,2014,7,9.41559090909091
Sognesjoeen,2014,8,10.1006161616162
Sognesjoeen,2014,9,NaN
Sognesjoeen,2014,10,NaN
Sognesjoeen,2014,11,NaN
Sognesjoeen,2014,12,NaN
Sognesjoeen,2015,1,7.9255101010101
Sognesjoeen,2015,2,7.60756565656566
Sognesjoeen,2015,3,7.01636868686869
Sognesjoeen,2015,4,7.62401515151515
Sognesjoeen,2015,5,8.11177272727273
Sognesjoeen,2015,6,8.58008080808081
Sognesjoeen,2015,7,8.56459090909091
Sognesjoeen,2015,8,11.9440656565657
Sognesjoeen,2015,9,12.6443535353535
Sognesjoeen,2015,10,11.700494949495
Sognesjoeen,2015,11,11.064696969697
Sognesjoeen,2015,12,NaN
Sognesjoeen,2016,1,8.69481818181818
Sognesjoeen,2016,2,6.82960101010101
Sognesjoeen,2016,3,6.10202525252525
Sognesjoeen,2016,4,7.49718686868687
Sognesjoeen,2016,5,8.2604797979798
Sognesjoeen,2016,6,8.55184343434343
Sognesjoeen,2016,7,9.59275757575758
Sognesjoeen,2016,8,10.6962777777778
Sognesjoeen,2016,9,11.4607272727273
Sognesjoeen,2016,10,11.2931565656566
Sognesjoeen,2016,11,10.8010050505051
Sognesjoeen,2016,12,NaN
Sognesjoeen,2017,1,7.89602525252525
Sognesjoeen,2017,2,7.79715656565657
Sognesjoeen,2017,3,6.73302525252525
Sognesjoeen,2017,4,7.36492929292929
Sognesjoeen,2017,5,8.02687878787879
Sognesjoeen,2017,6,9.06174242424242
Sognesjoeen,2017,7,8.50119191919192
Sognesjoeen,2017,8,11.4778939393939
Sognesjoeen,2017,9,12.4082424242424
Sognesjoeen,2017,10,11.9577727272727
Sognesjoeen,2017,11,9.73785353535354
Sognesjoeen,2017,12,NaN
Sognesjoeen,2018,1,8.67073232323232
Sognesjoeen,2018,2,6.5494595959596
Sognesjoeen,2018,3,6.23057070707071
Sognesjoeen,2018,4,6.98561111111111
Sognesjoeen,2018,5,7.89236363636364
Sognesjoeen,2018,6,8.2799696969697
Sognesjoeen,2018,7,8.71786363636364
Sognesjoeen,2018,8,11.2048636363636
Sognesjoeen,2018,9,12.6800555555556
Sognesjoeen,2018,10,NaN
Sognesjoeen,2018,11,10.9026818181818
Sognesjoeen,2018,12,9.60746464646465
Sognesjoeen,2019,1,NaN
Sognesjoeen,2019,2,6.81935858585859
Sognesjoeen,2019,3,6.48158080808081
Sognesjoeen,2019,4,7.30211111111111
Sognesjoeen,2019,5,7.79473684210526
Sognesjoeen,2019,6,8.93336363636364
Sognesjoeen,2019,7,NaN
Sognesjoeen,2019,8,10.7433333333333
Sognesjoeen,2019,9,12.2930404040404
Sognesjoeen,2019,10,11.0057222222222
Sognesjoeen,2019,11,10.5007373737374
Sognesjoeen,2019,12,NaN
Sognesjoeen,2020,1,8.06084848484848
Sognesjoeen,2020,2,7.46377777777778
Sognesjoeen,2020,3,7.01156565656566
Sognesjoeen,2020,4,7.95906565656566
Sognesjoeen,2020,5,8.44394444444444
Sognesjoeen,2020,6,9.75340404040404
Sognesjoeen,2020,7,9.49954545454545
Sognesjoeen,2020,8,12.0724797979798
Sognesjoeen,2020,9,11.758398989899
Sognesjoeen,2020,10,11.3934646464646
Sognesjoeen,2020,11,10.6125151515152
Sognesjoeen,2020,12,9.1614494949495
Bud,1940,1,NaN
Bud,1940,2,NaN
Bud,1940,3,NaN
Bud,1940,4,NaN
Bud,1940,5,NaN
Bud,1940,6,NaN
Bud,1940,7,NaN
Bud,1940,8,NaN
Bud,1940,9,NaN
Bud,1940,10,NaN
Bud,1940,11,NaN
Bud,1940,12,NaN
Bud,1941,1,NaN
Bud,1941,2,NaN
Bud,1941,3,NaN
Bud,1941,4,NaN
Bud,1941,5,NaN
Bud,1941,6,NaN
Bud,1941,7,NaN
Bud,1941,8,NaN
Bud,1941,9,NaN
Bud,1941,10,NaN
Bud,1941,11,NaN
Bud,1941,12,NaN
Bud,1942,1,NaN
Bud,1942,2,NaN
Bud,1942,3,NaN
Bud,1942,4,NaN
Bud,1942,5,NaN
Bud,1942,6,NaN
Bud,1942,7,NaN
Bud,1942,8,NaN
Bud,1942,9,NaN
Bud,1942,10,NaN
Bud,1942,11,NaN
Bud,1942,12,NaN
Bud,1943,1,NaN
Bud,1943,2,NaN
Bud,1943,3,NaN
Bud,1943,4,NaN
Bud,1943,5,NaN
Bud,1943,6,NaN
Bud,1943,7,NaN
Bud,1943,8,NaN
Bud,1943,9,NaN
Bud,1943,10,NaN
Bud,1943,11,NaN
Bud,1943,12,NaN
Bud,1944,1,NaN
Bud,1944,2,NaN
Bud,1944,3,NaN
Bud,1944,4,NaN
Bud,1944,5,NaN
Bud,1944,6,NaN
Bud,1944,7,NaN
Bud,1944,8,NaN
Bud,1944,9,NaN
Bud,1944,10,NaN
Bud,1944,11,NaN
Bud,1944,12,NaN
Bud,1945,1,NaN
Bud,1945,2,NaN
Bud,1945,3,NaN
Bud,1945,4,NaN
Bud,1945,5,NaN
Bud,1945,6,NaN
Bud,1945,7,NaN
Bud,1945,8,NaN
Bud,1945,9,NaN
Bud,1945,10,NaN
Bud,1945,11,NaN
Bud,1945,12,NaN
Bud,1946,1,NaN
Bud,1946,2,5.87308080808081
Bud,1946,3,5.38116161616162
Bud,1946,4,5.40318181818182
Bud,1946,5,6.81055555555556
Bud,1946,6,8.40171717171717
Bud,1946,7,9.69883838383838
Bud,1946,8,NaN
Bud,1946,9,NaN
Bud,1946,10,NaN
Bud,1946,11,NaN
Bud,1946,12,NaN
Bud,1947,1,6.82388888888889
Bud,1947,2,5.74106060606061
Bud,1947,3,4.20010101010101
Bud,1947,4,4.93868686868687
Bud,1947,5,5.45666666666667
Bud,1947,6,6.68262626262626
Bud,1947,7,NaN
Bud,1947,8,NaN
Bud,1947,9,12.524696969697
Bud,1947,10,11.1104545454545
Bud,1947,11,9.62737373737374
Bud,1947,12,7.88212121212121
Bud,1948,1,NaN
Bud,1948,2,5.78429292929293
Bud,1948,3,5.34823232323232
Bud,1948,4,5.75949494949495
Bud,1948,5,6.6490404040404
Bud,1948,6,7.31888888888889
Bud,1948,7,8.32742424242424
Bud,1948,8,8.95707070707071
Bud,1948,9,NaN
Bud,1948,10,10.6408585858586
Bud,1948,11,9.52722222222222
Bud,1948,12,7.97474747474747
Bud,1949,1,NaN
Bud,1949,2,6.72631313131313
Bud,1949,3,5.93176767676768
Bud,1949,4,6.04358585858586
Bud,1949,5,6.65227272727273
Bud,1949,6,7.98747474747475
Bud,1949,7,8.72015151515152
Bud,1949,8,9.46414141414141
Bud,1949,9,10.1962626262626
Bud,1949,10,10.8864646464646
Bud,1949,11,NaN
Bud,1949,12,NaN
Bud,1950,1,7.23222222222222
Bud,1950,2,6.3519696969697
Bud,1950,3,5.7919696969697
Bud,1950,4,5.90530303030303
Bud,1950,5,6.65964646464646
Bud,1950,6,8.28454545454546
Bud,1950,7,8.99126262626263
Bud,1950,8,13.0981818181818
Bud,1950,9,11.1016666666667
Bud,1950,10,11.4170707070707
Bud,1950,11,10.3527777777778
Bud,1950,12,8.5249494949495
Bud,1951,1,6.2830303030303
Bud,1951,2,5.52717171717172
Bud,1951,3,4.83979797979798
Bud,1951,4,4.79838383838384
Bud,1951,5,6.32944444444444
Bud,1951,6,7.4709595959596
Bud,1951,7,8.07388888888889
Bud,1951,8,10.634494949495
Bud,1951,9,13.645202020202
Bud,1951,10,11.6471212121212
Bud,1951,11,10.6560101010101
Bud,1951,12,7.92919191919192
Bud,1952,1,6.35242424242424
Bud,1952,2,NaN
Bud,1952,3,NaN
Bud,1952,4,6.03308080808081
Bud,1952,5,6.47489898989899
Bud,1952,6,7.7409595959596
Bud,1952,7,9.27469696969697
Bud,1952,8,9.05540404040404
Bud,1952,9,11.6030808080808
Bud,1952,10,11.6858080808081
Bud,1952,11,10.3386868686869
Bud,1952,12,7.58257575757576
Bud,1953,1,NaN
Bud,1953,2,NaN
Bud,1953,3,NaN
Bud,1953,4,5.51535353535354
Bud,1953,5,6.33106060606061
Bud,1953,6,7.5439898989899
Bud,1953,7,10.2680303030303
Bud,1953,8,10.1772222222222
Bud,1953,9,9.19666666666667
Bud,1953,10,9.02106060606061
Bud,1953,11,8.90343434343434
Bud,1953,12,NaN
Bud,1954,1,7.72767676767677
Bud,1954,2,NaN
Bud,1954,3,5.93070707070707
Bud,1954,4,5.3440404040404
Bud,1954,5,6.44787878787879
Bud,1954,6,7.90984848484849
Bud,1954,7,NaN
Bud,1954,8,NaN
Bud,1954,9,10.5241414141414
Bud,1954,10,11.1991919191919
Bud,1954,11,10.1584343434343
Bud,1954,12,9.16323232323232
Bud,1955,1,NaN
Bud,1955,2,NaN
Bud,1955,3,NaN
Bud,1955,4,NaN
Bud,1955,5,NaN
Bud,1955,6,NaN
Bud,1955,7,NaN
Bud,1955,8,NaN
Bud,1955,9,NaN
Bud,1955,10,NaN
Bud,1955,11,NaN
Bud,1955,12,NaN
Bud,1956,1,NaN
Bud,1956,2,NaN
Bud,1956,3,NaN
Bud,1956,4,NaN
Bud,1956,5,NaN
Bud,1956,6,NaN
Bud,1956,7,NaN
Bud,1956,8,NaN
Bud,1956,9,NaN
Bud,1956,10,NaN
Bud,1956,11,NaN
Bud,1956,12,NaN
Bud,1957,1,NaN
Bud,1957,2,NaN
Bud,1957,3,NaN
Bud,1957,4,NaN
Bud,1957,5,NaN
Bud,1957,6,NaN
Bud,1957,7,NaN
Bud,1957,8,NaN
Bud,1957,9,NaN
Bud,1957,10,NaN
Bud,1957,11,NaN
Bud,1957,12,NaN
Bud,1958,1,NaN
Bud,1958,2,NaN
Bud,1958,3,NaN
Bud,1958,4,NaN
Bud,1958,5,NaN
Bud,1958,6,NaN
Bud,1958,7,NaN
Bud,1958,8,NaN
Bud,1958,9,NaN
Bud,1958,10,NaN
Bud,1958,11,NaN
Bud,1958,12,NaN
Bud,1959,1,NaN
Bud,1959,2,NaN
Bud,1959,3,NaN
Bud,1959,4,NaN
Bud,1959,5,NaN
Bud,1959,6,NaN
Bud,1959,7,NaN
Bud,1959,8,NaN
Bud,1959,9,NaN
Bud,1959,10,NaN
Bud,1959,11,NaN
Bud,1959,12,NaN
Bud,1960,1,NaN
Bud,1960,2,NaN
Bud,1960,3,NaN
Bud,1960,4,NaN
Bud,1960,5,NaN
Bud,1960,6,NaN
Bud,1960,7,NaN
Bud,1960,8,NaN
Bud,1960,9,NaN
Bud,1960,10,NaN
Bud,1960,11,NaN
Bud,1960,12,NaN
Bud,1961,1,NaN
Bud,1961,2,NaN
Bud,1961,3,NaN
Bud,1961,4,NaN
Bud,1961,5,NaN
Bud,1961,6,NaN
Bud,1961,7,NaN
Bud,1961,8,NaN
Bud,1961,9,NaN
Bud,1961,10,NaN
Bud,1961,11,NaN
Bud,1961,12,NaN
Bud,1962,1,NaN
Bud,1962,2,NaN
Bud,1962,3,NaN
Bud,1962,4,NaN
Bud,1962,5,NaN
Bud,1962,6,NaN
Bud,1962,7,NaN
Bud,1962,8,NaN
Bud,1962,9,NaN
Bud,1962,10,NaN
Bud,1962,11,NaN
Bud,1962,12,NaN
Bud,1963,1,NaN
Bud,1963,2,NaN
Bud,1963,3,NaN
Bud,1963,4,NaN
Bud,1963,5,NaN
Bud,1963,6,NaN
Bud,1963,7,NaN
Bud,1963,8,NaN
Bud,1963,9,NaN
Bud,1963,10,NaN
Bud,1963,11,NaN
Bud,1963,12,NaN
Bud,1964,1,NaN
Bud,1964,2,NaN
Bud,1964,3,NaN
Bud,1964,4,NaN
Bud,1964,5,NaN
Bud,1964,6,NaN
Bud,1964,7,NaN
Bud,1964,8,NaN
Bud,1964,9,NaN
Bud,1964,10,NaN
Bud,1964,11,NaN
Bud,1964,12,NaN
Bud,1965,1,NaN
Bud,1965,2,NaN
Bud,1965,3,NaN
Bud,1965,4,NaN
Bud,1965,5,NaN
Bud,1965,6,NaN
Bud,1965,7,NaN
Bud,1965,8,NaN
Bud,1965,9,NaN
Bud,1965,10,NaN
Bud,1965,11,NaN
Bud,1965,12,NaN
Bud,1966,1,NaN
Bud,1966,2,NaN
Bud,1966,3,NaN
Bud,1966,4,NaN
Bud,1966,5,NaN
Bud,1966,6,NaN
Bud,1966,7,NaN
Bud,1966,8,NaN
Bud,1966,9,NaN
Bud,1966,10,NaN
Bud,1966,11,NaN
Bud,1966,12,NaN
Bud,1967,1,NaN
Bud,1967,2,NaN
Bud,1967,3,NaN
Bud,1967,4,NaN
Bud,1967,5,NaN
Bud,1967,6,NaN
Bud,1967,7,NaN
Bud,1967,8,NaN
Bud,1967,9,NaN
Bud,1967,10,NaN
Bud,1967,11,NaN
Bud,1967,12,NaN
Bud,1968,1,NaN
Bud,1968,2,NaN
Bud,1968,3,NaN
Bud,1968,4,NaN
Bud,1968,5,NaN
Bud,1968,6,NaN
Bud,1968,7,NaN
Bud,1968,8,NaN
Bud,1968,9,NaN
Bud,1968,10,NaN
Bud,1968,11,NaN
Bud,1968,12,NaN
Bud,1969,1,NaN
Bud,1969,2,NaN
Bud,1969,3,NaN
Bud,1969,4,NaN
Bud,1969,5,NaN
Bud,1969,6,NaN
Bud,1969,7,NaN
Bud,1969,8,NaN
Bud,1969,9,NaN
Bud,1969,10,NaN
Bud,1969,11,NaN
Bud,1969,12,NaN
Bud,1970,1,NaN
Bud,1970,2,NaN
Bud,1970,3,NaN
Bud,1970,4,NaN
Bud,1970,5,NaN
Bud,1970,6,NaN
Bud,1970,7,NaN
Bud,1970,8,NaN
Bud,1970,9,NaN
Bud,1970,10,NaN
Bud,1970,11,NaN
Bud,1970,12,NaN
Bud,1971,1,NaN
Bud,1971,2,NaN
Bud,1971,3,NaN
Bud,1971,4,NaN
Bud,1971,5,NaN
Bud,1971,6,NaN
Bud,1971,7,NaN
Bud,1971,8,10.035303030303
Bud,1971,9,NaN
Bud,1971,10,NaN
Bud,1971,11,NaN
Bud,1971,12,NaN
Bud,1972,1,6.96060606060606
Bud,1972,2,6.14853535353535
Bud,1972,3,5.21242424242424
Bud,1972,4,5.62646464646465
Bud,1972,5,6.52545454545455
Bud,1972,6,8.8559595959596
Bud,1972,7,9.51313131313131
Bud,1972,8,10.6106565656566
Bud,1972,9,10.800404040404
Bud,1972,10,9.79
Bud,1972,11,8.50126262626263
Bud,1972,12,7.54171717171717
Bud,1973,1,7.3
Bud,1973,2,NaN
Bud,1973,3,5.99212121212121
Bud,1973,4,6.61782828282828
Bud,1973,5,7.05439393939394
Bud,1973,6,8.21787878787879
Bud,1973,7,8.85040404040404
Bud,1973,8,NaN
Bud,1973,9,10.0125252525253
Bud,1973,10,9.11893939393939
Bud,1973,11,7.62762626262626
Bud,1973,12,7.56085858585859
Bud,1974,1,6.22580808080808
Bud,1974,2,6.11787878787879
Bud,1974,3,5.45262626262626
Bud,1974,4,5.98656565656566
Bud,1974,5,6.90863636363636
Bud,1974,6,7.62575757575758
Bud,1974,7,8.3910101010101
Bud,1974,8,10.9722727272727
Bud,1974,9,10.0788888888889
Bud,1974,10,9.56131313131313
Bud,1974,11,NaN
Bud,1974,12,NaN
Bud,1975,1,6.63611111111111
Bud,1975,2,6.36070707070707
Bud,1975,3,5.76090909090909
Bud,1975,4,5.94166666666667
Bud,1975,5,6.78883838383838
Bud,1975,6,7.61686868686869
Bud,1975,7,8.13121212121212
Bud,1975,8,10.0543434343434
Bud,1975,9,13.0462121212121
Bud,1975,10,10.3767171717172
Bud,1975,11,9.63934343434343
Bud,1975,12,NaN
Bud,1976,1,6.32489898989899
Bud,1976,2,5.42848484848485
Bud,1976,3,5.44045454545455
Bud,1976,4,5.39843434343434
Bud,1976,5,6.24257575757576
Bud,1976,6,7.33722222222222
Bud,1976,7,9.22292929292929
Bud,1976,8,9.23262626262626
Bud,1976,9,11.499494949495
Bud,1976,10,10.6664646464646
Bud,1976,11,10.0246464646465
Bud,1976,12,NaN
Bud,1977,1,6.23242424242424
Bud,1977,2,4.69015151515152
Bud,1977,3,4.91282828282828
Bud,1977,4,5.20111111111111
Bud,1977,5,5.9980303030303
Bud,1977,6,6.64818181818182
Bud,1977,7,6.99924242424242
Bud,1977,8,8.14237373737374
Bud,1977,9,8.53616161616162
Bud,1977,10,9.91939393939394
Bud,1977,11,9.31388888888889
Bud,1977,12,7.81737373737374
Bud,1978,1,6.98439393939394
Bud,1978,2,5.80722222222222
Bud,1978,3,4.84414141414141
Bud,1978,4,5.16651515151515
Bud,1978,5,6.44535353535354
Bud,1978,6,7.37944444444445
Bud,1978,7,7.73171717171717
Bud,1978,8,8.09388888888889
Bud,1978,9,9.25353535353535
Bud,1978,10,9.41080808080808
Bud,1978,11,9.7110101010101
Bud,1978,12,8.12727272727273
Bud,1979,1,5.81424242424242
Bud,1979,2,4.83909090909091
Bud,1979,3,3.80484848484848
Bud,1979,4,4.33080808080808
Bud,1979,5,5.3660101010101
Bud,1979,6,7.05469696969697
Bud,1979,7,7.75893939393939
Bud,1979,8,8.88924242424243
Bud,1979,9,8.57873737373737
Bud,1979,10,9.1779797979798
Bud,1979,11,8.14065656565657
Bud,1979,12,7.51565656565657
Bud,1980,1,NaN
Bud,1980,2,4.90671717171717
Bud,1980,3,4.27348484848485
Bud,1980,4,4.76742424242424
Bud,1980,5,5.93
Bud,1980,6,6.42358585858586
Bud,1980,7,6.79873737373737
Bud,1980,8,8.46808080808081
Bud,1980,9,NaN
Bud,1980,10,9.63055555555555
Bud,1980,11,8.88085858585858
Bud,1980,12,6.91641414141414
Bud,1981,1,6.16848484848485
Bud,1981,2,5.18131313131313
Bud,1981,3,5.03323232323232
Bud,1981,4,5.45277777777778
Bud,1981,5,5.97590909090909
Bud,1981,6,6.83368686868687
Bud,1981,7,7.47136363636364
Bud,1981,8,9.24580808080808
Bud,1981,9,10.0223737373737
Bud,1981,10,10.5472222222222
Bud,1981,11,8.37924242424242
Bud,1981,12,7.02626262626263
Bud,1982,1,4.9669696969697
Bud,1982,2,4.43191919191919
Bud,1982,3,4.3760101010101
Bud,1982,4,5.1120202020202
Bud,1982,5,NaN
Bud,1982,6,NaN
Bud,1982,7,8.96752525252525
Bud,1982,8,10.4323737373737
Bud,1982,9,10.6317171717172
Bud,1982,10,10.8558080808081
Bud,1982,11,9.6410101010101
Bud,1982,12,7.90893939393939
Bud,1983,1,6.88974747474747
Bud,1983,2,6.03060606060606
Bud,1983,3,5.58828282828283
Bud,1983,4,5.90045454545455
Bud,1983,5,6.80616161616162
Bud,1983,6,7.24626262626263
Bud,1983,7,8.40111111111111
Bud,1983,8,9.53111111111111
Bud,1983,9,11.2637878787879
Bud,1983,10,10.6330303030303
Bud,1983,11,9.67787878787879
Bud,1983,12,7.80833333333333
Bud,1984,1,6.74934343434343
Bud,1984,2,5.60070707070707
Bud,1984,3,5.05075757575758
Bud,1984,4,4.85833333333333
Bud,1984,5,6.20409090909091
Bud,1984,6,6.9440404040404
Bud,1984,7,7.68984848484849
Bud,1984,8,8.39292929292929
Bud,1984,9,8.87353535353535
Bud,1984,10,10.2408585858586
Bud,1984,11,8.83878787878788
Bud,1984,12,8.03722222222222
Bud,1985,1,6.87611111111111
Bud,1985,2,4.6890404040404
Bud,1985,3,5.1119696969697
Bud,1985,4,6.32181818181818
Bud,1985,5,7.26449494949495
Bud,1985,6,7.6430303030303
Bud,1985,7,8.78090909090909
Bud,1985,8,10.6469696969697
Bud,1985,9,9.33343434343434
Bud,1985,10,10.2636363636364
Bud,1985,11,9.73656565656566
Bud,1985,12,8.23744897959184
Bud,1986,1,5.31010101010101
Bud,1986,2,3.68813131313131
Bud,1986,3,3.96116161616162
Bud,1986,4,5.00914141414141
Bud,1986,5,6.13424242424242
Bud,1986,6,7.06964646464646
Bud,1986,7,8.36565656565657
Bud,1986,8,8.70944444444445
Bud,1986,9,11.2982323232323
Bud,1986,10,11.3470707070707
Bud,1986,11,NaN
Bud,1986,12,6.825
Bud,1987,1,6.23777777777778
Bud,1987,2,5.06621212121212
Bud,1987,3,4.6680303030303
Bud,1987,4,NaN
Bud,1987,5,6.26050505050505
Bud,1987,6,6.9770202020202
Bud,1987,7,8.07176767676768
Bud,1987,8,7.71737373737374
Bud,1987,9,9.1990404040404
Bud,1987,10,9.30318181818182
Bud,1987,11,8.84429292929293
Bud,1987,12,7.89560606060606
Bud,1988,1,7.61712121212121
Bud,1988,2,6.68106060606061
Bud,1988,3,5.66025252525253
Bud,1988,4,NaN
Bud,1988,5,6.21
Bud,1988,6,6.93454545454545
Bud,1988,7,9.39530303030303
Bud,1988,8,10.4828282828283
Bud,1988,9,11.2408080808081
Bud,1988,10,9.8020202020202
Bud,1988,11,9.49984848484848
Bud,1988,12,8.16777777777778
Bud,1989,1,7.11661616161616
Bud,1989,2,6.41676767676768
Bud,1989,3,NaN
Bud,1989,4,6.38247474747475
Bud,1989,5,7.45742424242424
Bud,1989,6,8.38181818181818
Bud,1989,7,9.11070707070707
Bud,1989,8,10.2084848484848
Bud,1989,9,11.7845454545455
Bud,1989,10,11.3766161616162
Bud,1989,11,9.15944444444444
Bud,1989,12,NaN
Bud,1990,1,7.38015151515151
Bud,1990,2,NaN
Bud,1990,3,6.16530303030303
Bud,1990,4,6.28560606060606
Bud,1990,5,7.07914141414141
Bud,1990,6,8.25989898989899
Bud,1990,7,9.15095959595959
Bud,1990,8,10.3078282828283
Bud,1990,9,10.9235353535354
Bud,1990,10,10.5058585858586
Bud,1990,11,9.62050505050505
Bud,1990,12,8.25570707070707
Bud,1991,1,7.02388888888889
Bud,1991,2,5.99767676767677
Bud,1991,3,5.68484848484848
Bud,1991,4,5.99994949494949
Bud,1991,5,7.08752525252525
Bud,1991,6,7.56883838383838
Bud,1991,7,8.27368686868687
Bud,1991,8,10.445303030303
Bud,1991,9,11.7034343434343
Bud,1991,10,11.0528282828283
Bud,1991,11,10.0418686868687
Bud,1991,12,7.94914141414141
Bud,1992,1,7.23
Bud,1992,2,NaN
Bud,1992,3,6.36075757575758
Bud,1992,4,6.6570202020202
Bud,1992,5,7.2860101010101
Bud,1992,6,8.98641414141414
Bud,1992,7,9.2070202020202
Bud,1992,8,10.0820707070707
Bud,1992,9,11.3908080808081
Bud,1992,10,10.6309090909091
Bud,1992,11,9.17666666666667
Bud,1992,12,8.24358585858586
Bud,1993,1,6.7180303030303
Bud,1993,2,6.12409090909091
Bud,1993,3,5.73565656565657
Bud,1993,4,5.79393939393939
Bud,1993,5,6.42323232323232
Bud,1993,6,NaN
Bud,1993,7,8.43626262626263
Bud,1993,8,10.0574242424242
Bud,1993,9,12.8583838383838
Bud,1993,10,9.57535353535353
Bud,1993,11,9.0780303030303
Bud,1993,12,8.22404040404041
Bud,1994,1,NaN
Bud,1994,2,NaN
Bud,1994,3,NaN
Bud,1994,4,NaN
Bud,1994,5,NaN
Bud,1994,6,NaN
Bud,1994,7,NaN
Bud,1994,8,NaN
Bud,1994,9,9.69686868686869
Bud,1994,10,9.61666666666667
Bud,1994,11,NaN
Bud,1994,12,NaN
Bud,1995,1,NaN
Bud,1995,2,NaN
Bud,1995,3,NaN
Bud,1995,4,NaN
Bud,1995,5,NaN
Bud,1995,6,NaN
Bud,1995,7,NaN
Bud,1995,8,NaN
Bud,1995,9,NaN
Bud,1995,10,NaN
Bud,1995,11,NaN
Bud,1995,12,NaN
Bud,1996,1,6.18577272727273
Bud,1996,2,4.90876262626263
Bud,1996,3,5.1305404040404
Bud,1996,4,5.63176767676768
Bud,1996,5,6.53243939393939
Bud,1996,6,7.95642929292929
Bud,1996,7,8.96106565656566
Bud,1996,8,10.6708434343434
Bud,1996,9,NaN
Bud,1996,10,NaN
Bud,1996,11,NaN
Bud,1996,12,NaN
Bud,1997,1,6.35589898989899
Bud,1997,2,5.58775757575758
Bud,1997,3,5.81510101010101
Bud,1997,4,5.69741919191919
Bud,1997,5,6.6690505050505
Bud,1997,6,7.98350505050505
Bud,1997,7,7.98776767676768
Bud,1997,8,10.0370555555556
Bud,1997,9,10.6710151515152
Bud,1997,10,11.1164141414141
Bud,1997,11,9.85516161616162
Bud,1997,12,7.73605555555556
Bud,1998,1,6.76774747474747
Bud,1998,2,NaN
Bud,1998,3,5.6050404040404
Bud,1998,4,6.2820404040404
Bud,1998,5,NaN
Bud,1998,6,NaN
Bud,1998,7,9.97032828282828
Bud,1998,8,10.5306262626263
Bud,1998,9,10.616595959596
Bud,1998,10,9.7019797979798
Bud,1998,11,8.77364646464646
Bud,1998,12,7.82969696969697
Bud,1999,1,6.57612121212121
Bud,1999,2,5.15525757575758
Bud,1999,3,5.31017676767677
Bud,1999,4,5.87059595959596
Bud,1999,5,7.4284797979798
Bud,1999,6,8.31616161616162
Bud,1999,7,9.37472222222222
Bud,1999,8,8.78676767676768
Bud,1999,9,10.6625151515152
Bud,1999,10,10.8861868686869
Bud,1999,11,8.99097474747475
Bud,1999,12,7.99843434343434
Bud,2000,1,7.07340404040404
Bud,2000,2,5.99176767676768
Bud,2000,3,5.96530808080808
Bud,2000,4,6.21889393939394
Bud,2000,5,7.09411111111111
Bud,2000,6,8.66214141414141
Bud,2000,7,7.77957070707071
Bud,2000,8,8.87462626262626
Bud,2000,9,12.3551414141414
Bud,2000,10,11.0047373737374
Bud,2000,11,10.7350303030303
Bud,2000,12,NaN
Bud,2001,1,7.76897474747475
Bud,2001,2,NaN
Bud,2001,3,5.79527272727273
Bud,2001,4,5.85157575757576
Bud,2001,5,7.22080303030303
Bud,2001,6,7.92693939393939
Bud,2001,7,8.20831313131313
Bud,2001,8,11.3101212121212
Bud,2001,9,10.5362626262626
Bud,2001,10,11.7523434343434
Bud,2001,11,10.5831212121212
Bud,2001,12,NaN
Bud,2002,1,7.07504545454546
Bud,2002,2,6.33612626262626
Bud,2002,3,5.51548484848485
Bud,2002,4,6.04578787878788
Bud,2002,5,7.18668181818182
Bud,2002,6,9.70192929292929
Bud,2002,7,9.25426262626263
Bud,2002,8,9.29675757575758
Bud,2002,9,9.93868686868687
Bud,2002,10,11.5997272727273
Bud,2002,11,8.75042929292929
Bud,2002,12,8.44966666666667
Bud,2003,1,NaN
Bud,2003,2,6.07181818181818
Bud,2003,3,5.29519696969697
Bud,2003,4,6.51305555555556
Bud,2003,5,NaN
Bud,2003,6,NaN
Bud,2003,7,9.07029797979798
Bud,2003,8,11.1685202020202
Bud,2003,9,12.324797979798
Bud,2003,10,10.2234393939394
Bud,2003,11,NaN
Bud,2003,12,8.5299898989899
Bud,2004,1,6.76066161616162
Bud,2004,2,6.37031313131313
Bud,2004,3,6.09087373737374
Bud,2004,4,6.32610101010101
Bud,2004,5,7.35382323232323
Bud,2004,6,NaN
Bud,2004,7,9.06370707070707
Bud,2004,8,10.5046868686869
Bud,2004,9,10.8506363636364
Bud,2004,10,9.85960101010101
Bud,2004,11,9.81038888888889
Bud,2004,12,NaN
Bud,2005,1,NaN
Bud,2005,2,6.81027777777778
Bud,2005,3,6.17611111111111
Bud,2005,4,6.5989494949495
Bud,2005,5,7.67665656565657
Bud,2005,6,7.97875757575758
Bud,2005,7,9.70388888888889
Bud,2005,8,8.85646464646465
Bud,2005,9,12.106196969697
Bud,2005,10,11.6503484848485
Bud,2005,11,10.9207070707071
Bud,2005,12,NaN
Bud,2006,1,8.10235858585859
Bud,2006,2,7.14803535353535
Bud,2006,3,5.69290404040404
Bud,2006,4,5.96651515151515
Bud,2006,5,6.1079797979798
Bud,2006,6,8.31023737373737
Bud,2006,7,9.74741414141414
Bud,2006,8,10.2576212121212
Bud,2006,9,10.4894696969697
Bud,2006,10,11.9682323232323
Bud,2006,11,11.4663282828283
Bud,2006,12,9.39969696969697
Bud,2007,1,NaN
Bud,2007,2,7.06274242424242
Bud,2007,3,6.84510101010101
Bud,2007,4,NaN
Bud,2007,5,7.17896464646465
Bud,2007,6,8.11318181818182
Bud,2007,7,8.61314141414142
Bud,2007,8,11.0851515151515
Bud,2007,9,11.8509343434343
Bud,2007,10,12.2789898989899
Bud,2007,11,10.0966313131313
Bud,2007,12,NaN
Bud,2008,1,NaN
Bud,2008,2,6.31784343434343
Bud,2008,3,5.99762626262626
Bud,2008,4,6.65375252525252
Bud,2008,5,7.49602525252525
Bud,2008,6,7.91366161616162
Bud,2008,7,9.32575757575758
Bud,2008,8,10.6733939393939
Bud,2008,9,10.5267222222222
Bud,2008,10,10.7457222222222
Bud,2008,11,9.09940404040404
Bud,2008,12,8.43360101010101
Bud,2009,1,6.65707575757576
Bud,2009,2,NaN
Bud,2009,3,5.96353535353535
Bud,2009,4,6.44108585858586
Bud,2009,5,7.81210606060606
Bud,2009,6,8.5029797979798
Bud,2009,7,NaN
Bud,2009,8,13.4107070707071
Bud,2009,9,12.0581818181818
Bud,2009,10,NaN
Bud,2009,11,10.8444444444444
Bud,2009,12,8.85608585858586
Bud,2010,1,NaN
Bud,2010,2,NaN
Bud,2010,3,NaN
Bud,2010,4,5.56883838383838
Bud,2010,5,6.52326767676768
Bud,2010,6,8.03651515151515
Bud,2010,7,8.87632828282828
Bud,2010,8,NaN
Bud,2010,9,NaN
Bud,2010,10,NaN
Bud,2010,11,10.2306161616162
Bud,2010,12,9.05588383838384
Bud,2011,1,NaN
Bud,2011,2,5.53273737373737
Bud,2011,3,NaN
Bud,2011,4,5.09502525252525
Bud,2011,5,6.08657575757576
Bud,2011,6,8.05507575757576
Bud,2011,7,NaN
Bud,2011,8,NaN
Bud,2011,9,10.4418686868687
Bud,2011,10,NaN
Bud,2011,11,9.27219696969697
Bud,2011,12,NaN
Bud,2012,1,NaN
Bud,2012,2,NaN
Bud,2012,3,6.48508080808081
Bud,2012,4,NaN
Bud,2012,5,NaN
Bud,2012,6,NaN
Bud,2012,7,NaN
Bud,2012,8,10.4656313131313
Bud,2012,9,NaN
Bud,2012,10,11.2704393939394
Bud,2012,11,10.8902424242424
Bud,2012,12,NaN
Bud,2013,1,NaN
Bud,2013,2,NaN
Bud,2013,3,NaN
Bud,2013,4,NaN
Bud,2013,5,NaN
Bud,2013,6,NaN
Bud,2013,7,NaN
Bud,2013,8,NaN
Bud,2013,9,NaN
Bud,2013,10,11.2158737373737
Bud,2013,11,NaN
Bud,2013,12,NaN
Bud,2014,1,NaN
Bud,2014,2,6.11451515151515
Bud,2014,3,5.94065151515151
Bud,2014,4,NaN
Bud,2014,5,6.94316666666667
Bud,2014,6,NaN
Bud,2014,7,NaN
Bud,2014,8,9.77489898989899
Bud,2014,9,NaN
Bud,2014,10,NaN
Bud,2014,11,NaN
Bud,2014,12,NaN
Bud,2015,1,NaN
Bud,2015,2,NaN
Bud,2015,3,6.39571212121212
Bud,2015,4,NaN
Bud,2015,5,7.05541414141414
Bud,2015,6,NaN
Bud,2015,7,NaN
Bud,2015,8,10.8850353535354
Bud,2015,9,11.6099898989899
Bud,2015,10,12.1931515151515
Bud,2015,11,10.8670555555556
Bud,2015,12,9.45820202020202
Bud,2016,1,NaN
Bud,2016,2,7.03841919191919
Bud,2016,3,6.28071717171717
Bud,2016,4,6.4465101010101
Bud,2016,5,7.63282323232323
Bud,2016,6,7.77711616161616
Bud,2016,7,NaN
Bud,2016,8,NaN
Bud,2016,9,11.6141565656566
Bud,2016,10,NaN
Bud,2016,11,NaN
Bud,2016,12,NaN
Bud,2017,1,NaN
Bud,2017,2,NaN
Bud,2017,3,NaN
Bud,2017,4,NaN
Bud,2017,5,NaN
Bud,2017,6,NaN
Bud,2017,7,NaN
Bud,2017,8,NaN
Bud,2017,9,13.0377272727273
Bud,2017,10,11.9202626262626
Bud,2017,11,NaN
Bud,2017,12,8.57678787878788
Bud,2018,1,NaN
Bud,2018,2,NaN
Bud,2018,3,NaN
Bud,2018,4,NaN
Bud,2018,5,NaN
Bud,2018,6,NaN
Bud,2018,7,NaN
Bud,2018,8,NaN
Bud,2018,9,NaN
Bud,2018,10,NaN
Bud,2018,11,NaN
Bud,2018,12,NaN
Bud,2019,1,NaN
Bud,2019,2,6.21308080808081
Bud,2019,3,6.203
Bud,2019,4,6.63520202020202
Bud,2019,5,7.10077272727273
Bud,2019,6,9.27491919191919
Bud,2019,7,8.93267676767677
Bud,2019,8,10.7088535353535
Bud,2019,9,NaN
Bud,2019,10,NaN
Bud,2019,11,NaN
Bud,2019,12,NaN
Bud,2020,1,7.64002525252525
Bud,2020,2,7.23514646464646
Bud,2020,3,6.61491919191919
Bud,2020,4,6.57996464646465
Bud,2020,5,7.17040404040404
Bud,2020,6,8.4170101010101
Bud,2020,7,10.259297979798
Bud,2020,8,11.0087373737374
Bud,2020,9,12.2898838383838
Bud,2020,10,10.9385353535354
Bud,2020,11,10.3922171717172
Bud,2020,12,8.31002525252525
Skrova,1940,1,5.13838383838384
Skrova,1940,2,4.53484848484849
Skrova,1940,3,4.24348484848485
Skrova,1940,4,NaN
Skrova,1940,5,NaN
Skrova,1940,6,6.5460101010101
Skrova,1940,7,8.06656565656566
Skrova,1940,8,8.2640404040404
Skrova,1940,9,9.34121212121212
Skrova,1940,10,8.65136363636364
Skrova,1940,11,8.44646464646465
Skrova,1940,12,6.49818181818182
Skrova,1941,1,5.00893939393939
Skrova,1941,2,3.8640404040404
Skrova,1941,3,3.18050505050505
Skrova,1941,4,3.18409090909091
Skrova,1941,5,3.99333333333333
Skrova,1941,6,5.05106060606061
Skrova,1941,7,6.98414141414141
Skrova,1941,8,6.95015151515152
Skrova,1941,9,8.75934343434344
Skrova,1941,10,8.73565656565657
Skrova,1941,11,7.44207070707071
Skrova,1941,12,5.9340404040404
Skrova,1942,1,4.4720202020202
Skrova,1942,2,NaN
Skrova,1942,3,3.84560606060606
Skrova,1942,4,3.54151515151515
Skrova,1942,5,4.60868686868687
Skrova,1942,6,6.24580808080808
Skrova,1942,7,6.86414141414141
Skrova,1942,8,8.85363636363636
Skrova,1942,9,6.83262626262626
Skrova,1942,10,8.3669696969697
Skrova,1942,11,6.95393939393939
Skrova,1942,12,5.13212121212121
Skrova,1943,1,4.86611111111111
Skrova,1943,2,3.60782828282828
Skrova,1943,3,2.98257575757576
Skrova,1943,4,3.5990404040404
Skrova,1943,5,4.72075757575758
Skrova,1943,6,5.79833333333333
Skrova,1943,7,7.17792929292929
Skrova,1943,8,8.47116161616162
Skrova,1943,9,9.68444444444444
Skrova,1943,10,9.8399494949495
Skrova,1943,11,8.0120202020202
Skrova,1943,12,5.8509595959596
Skrova,1944,1,5.72035353535354
Skrova,1944,2,4.71772727272727
Skrova,1944,3,4.22085858585859
Skrova,1944,4,5.30237373737374
Skrova,1944,5,6.07156565656566
Skrova,1944,6,6.61792929292929
Skrova,1944,7,7.46015151515152
Skrova,1944,8,7.21040404040404
Skrova,1944,9,8.72606060606061
Skrova,1944,10,8.64106060606061
Skrova,1944,11,8.33207070707071
Skrova,1944,12,7.34717171717172
Skrova,1945,1,5.56323232323232
Skrova,1945,2,4.58060606060606
Skrova,1945,3,3.71373737373737
Skrova,1945,4,3.94707070707071
Skrova,1945,5,4.34474747474748
Skrova,1945,6,5.94974747474747
Skrova,1945,7,6.41373737373737
Skrova,1945,8,8.11373737373737
Skrova,1945,9,9.03964646464646
Skrova,1945,10,8.91444444444444
Skrova,1945,11,7.83752525252525
Skrova,1945,12,6.48727272727273
Skrova,1946,1,5.33040404040404
Skrova,1946,2,3.99964646464647
Skrova,1946,3,3.64368686868687
Skrova,1946,4,3.63030303030303
Skrova,1946,5,4.52606060606061
Skrova,1946,6,5.98646464646465
Skrova,1946,7,7.83378787878788
Skrova,1946,8,9.72641414141414
Skrova,1946,9,7.36828282828283
Skrova,1946,10,7.88575757575757
Skrova,1946,11,6.61383838383838
Skrova,1946,12,5.61949494949495
Skrova,1947,1,5.49969696969697
Skrova,1947,2,5.33914141414141
Skrova,1947,3,4.66510101010101
Skrova,1947,4,4.88722222222222
Skrova,1947,5,NaN
Skrova,1947,6,6.4559595959596
Skrova,1947,7,7.03535353535354
Skrova,1947,8,8.73080808080808
Skrova,1947,9,10.9675757575758
Skrova,1947,10,11.0241414141414
Skrova,1947,11,9.31363636363636
Skrova,1947,12,7.03959595959596
Skrova,1948,1,5.50853535353535
Skrova,1948,2,4.34060606060606
Skrova,1948,3,3.73116161616162
Skrova,1948,4,3.69914141414141
Skrova,1948,5,4.81575757575758
Skrova,1948,6,6.28005050505051
Skrova,1948,7,6.91308080808081
Skrova,1948,8,7.55742424242424
Skrova,1948,9,9.57474747474747
Skrova,1948,10,9.91328282828283
Skrova,1948,11,8.14636363636364
Skrova,1948,12,6.40333333333333
Skrova,1949,1,4.78070707070707
Skrova,1949,2,4.10959595959596
Skrova,1949,3,4.31772727272727
Skrova,1949,4,4.58570707070707
Skrova,1949,5,5.05085858585859
Skrova,1949,6,5.90262626262626
Skrova,1949,7,7.27590909090909
Skrova,1949,8,8.03419191919192
Skrova,1949,9,7.98040404040404
Skrova,1949,10,8.43126262626263
Skrova,1949,11,7.43106060606061
Skrova,1949,12,6.29560606060606
Skrova,1950,1,5.45020202020202
Skrova,1950,2,4.56560606060606
Skrova,1950,3,3.80232323232323
Skrova,1950,4,4.34974747474747
Skrova,1950,5,5.04232323232323
Skrova,1950,6,6.10611111111111
Skrova,1950,7,6.75474747474748
Skrova,1950,8,7.82621212121212
Skrova,1950,9,8.78818181818182
Skrova,1950,10,8.50353535353535
Skrova,1950,11,8.39979797979798
Skrova,1950,12,7.60707070707071
Skrova,1951,1,6.19247474747475
Skrova,1951,2,4.04232323232323
Skrova,1951,3,3.89277777777778
Skrova,1951,4,4.36065656565657
Skrova,1951,5,5.16560606060606
Skrova,1951,6,5.88873737373737
Skrova,1951,7,6.54272727272727
Skrova,1951,8,7.69762626262626
Skrova,1951,9,9.90722222222222
Skrova,1951,10,11.4066161616162
Skrova,1951,11,9.73722222222222
Skrova,1951,12,7.21464646464646
Skrova,1952,1,5.12055555555556
Skrova,1952,2,4.5930303030303
Skrova,1952,3,4.69934343434343
Skrova,1952,4,NaN
Skrova,1952,5,5.16489898989899
Skrova,1952,6,6.22787878787879
Skrova,1952,7,7.9399494949495
Skrova,1952,8,8.55833333333333
Skrova,1952,9,9.74207070707071
Skrova,1952,10,10.6208585858586
Skrova,1952,11,9.23641414141414
Skrova,1952,12,NaN
Skrova,1953,1,3.70888888888889
Skrova,1953,2,3.06338383838384
Skrova,1953,3,3.17777777777778
Skrova,1953,4,3.05722222222222
Skrova,1953,5,3.75550505050505
Skrova,1953,6,5.10808080808081
Skrova,1953,7,5.90969696969697
Skrova,1953,8,6.48737373737374
Skrova,1953,9,8.16146464646465
Skrova,1953,10,7.37570707070707
Skrova,1953,11,6.33333333333333
Skrova,1953,12,5.0130303030303
Skrova,1954,1,6.40323232323232
Skrova,1954,2,5.00282828282828
Skrova,1954,3,4.32025252525253
Skrova,1954,4,4.57979797979798
Skrova,1954,5,6.1879797979798
Skrova,1954,6,6.73469696969697
Skrova,1954,7,7.31974747474747
Skrova,1954,8,7.47878787878788
Skrova,1954,9,7.69020202020202
Skrova,1954,10,9.59525252525253
Skrova,1954,11,8.74949494949495
Skrova,1954,12,6.85909090909091
Skrova,1955,1,5.51853535353535
Skrova,1955,2,3.92828282828283
Skrova,1955,3,3.82141414141414
Skrova,1955,4,3.66520202020202
Skrova,1955,5,4.23191919191919
Skrova,1955,6,4.95439393939394
Skrova,1955,7,6.51545454545455
Skrova,1955,8,8.09843434343434
Skrova,1955,9,8.27222222222222
Skrova,1955,10,9.55020202020202
Skrova,1955,11,8.66484848484848
Skrova,1955,12,6.95025252525253
Skrova,1956,1,4.54636363636364
Skrova,1956,2,3.24020202020202
Skrova,1956,3,3.89237373737374
Skrova,1956,4,4.00681818181818
Skrova,1956,5,4.52126262626263
Skrova,1956,6,NaN
Skrova,1956,7,7.33732323232323
Skrova,1956,8,7.53818181818182
Skrova,1956,9,8.97171717171717
Skrova,1956,10,9.01469696969697
Skrova,1956,11,7.41792929292929
Skrova,1956,12,6.33090909090909
Skrova,1957,1,4.90176767676768
Skrova,1957,2,4.22843434343434
Skrova,1957,3,3.3610101010101
Skrova,1957,4,3.46020202020202
Skrova,1957,5,3.85010101010101
Skrova,1957,6,5.32914141414141
Skrova,1957,7,6.84661616161616
Skrova,1957,8,6.65631313131313
Skrova,1957,9,6.89212121212121
Skrova,1957,10,6.94727272727273
Skrova,1957,11,6.84045454545455
Skrova,1957,12,5.27646464646465
Skrova,1958,1,4.49545454545455
Skrova,1958,2,3.18141414141414
Skrova,1958,3,3.86611111111111
Skrova,1958,4,3.9760101010101
Skrova,1958,5,4.95616161616162
Skrova,1958,6,5.65964646464647
Skrova,1958,7,6.3469696969697
Skrova,1958,8,7.55964646464646
Skrova,1958,9,7.11883838383838
Skrova,1958,10,7.29429292929293
Skrova,1958,11,6.98358585858586
Skrova,1958,12,5.54555555555556
Skrova,1959,1,5.74959595959596
Skrova,1959,2,3.99232323232323
Skrova,1959,3,4.1259595959596
Skrova,1959,4,5.56570707070707
Skrova,1959,5,6.0789898989899
Skrova,1959,6,7.06343434343434
Skrova,1959,7,8.16035353535353
Skrova,1959,8,9.24565656565657
Skrova,1959,9,8.40479797979798
Skrova,1959,10,9.17479797979798
Skrova,1959,11,8.88282828282828
Skrova,1959,12,6.8640404040404
Skrova,1960,1,5.3530303030303
Skrova,1960,2,5.225
Skrova,1960,3,4.94863636363636
Skrova,1960,4,4.81111111111111
Skrova,1960,5,5.79878787878788
Skrova,1960,6,6.41353535353535
Skrova,1960,7,7.5019696969697
Skrova,1960,8,6.8730303030303
Skrova,1960,9,8.6359595959596
Skrova,1960,10,8.88449494949495
Skrova,1960,11,8.03060606060606
Skrova,1960,12,6.50656565656566
Skrova,1961,1,4.55732323232323
Skrova,1961,2,4.24863636363636
Skrova,1961,3,3.82353535353535
Skrova,1961,4,3.44580808080808
Skrova,1961,5,4.06484848484849
Skrova,1961,6,4.96444444444444
Skrova,1961,7,6.82964646464646
Skrova,1961,8,7.33075757575758
Skrova,1961,9,7.9489898989899
Skrova,1961,10,7.86924242424243
Skrova,1961,11,6.96429292929293
Skrova,1961,12,5.36262626262626
Skrova,1962,1,4.97914141414141
Skrova,1962,2,4.20656565656566
Skrova,1962,3,3.95676767676768
Skrova,1962,4,4.66020202020202
Skrova,1962,5,5.47070707070707
Skrova,1962,6,6.87722222222222
Skrova,1962,7,6.93949494949495
Skrova,1962,8,7.92530303030303
Skrova,1962,9,7.9529797979798
Skrova,1962,10,10.0047474747475
Skrova,1962,11,NaN
Skrova,1962,12,7.63580808080808
Skrova,1963,1,5.59919191919192
Skrova,1963,2,4.81262626262626
Skrova,1963,3,NaN
Skrova,1963,4,4.79666666666667
Skrova,1963,5,5.01954545454545
Skrova,1963,6,6.02121212121212
Skrova,1963,7,6.69489898989899
Skrova,1963,8,7.20944444444444
Skrova,1963,9,7.91555555555556
Skrova,1963,10,9.1850505050505
Skrova,1963,11,8.04691919191919
Skrova,1963,12,6.44808080808081
Skrova,1964,1,5.48969696969697
Skrova,1964,2,4.06944444444444
Skrova,1964,3,5.03156565656566
Skrova,1964,4,5.32272727272727
Skrova,1964,5,5.78191919191919
Skrova,1964,6,6.39974747474747
Skrova,1964,7,8.21267676767677
Skrova,1964,8,9.45752525252525
Skrova,1964,9,8.91025252525253
Skrova,1964,10,10.2119696969697
Skrova,1964,11,8.64161616161616
Skrova,1964,12,6.95565656565657
Skrova,1965,1,5.44873737373737
Skrova,1965,2,5.65747474747475
Skrova,1965,3,5.00984848484848
Skrova,1965,4,4.6810101010101
Skrova,1965,5,5.61959595959596
Skrova,1965,6,6.56722222222222
Skrova,1965,7,6.79883838383838
Skrova,1965,8,7.08479797979798
Skrova,1965,9,9.37368686868687
Skrova,1965,10,9.32181818181818
Skrova,1965,11,7.71474747474747
Skrova,1965,12,6.55510101010101
Skrova,1966,1,4.2469696969697
Skrova,1966,2,2.31742424242424
Skrova,1966,3,2.28040404040404
Skrova,1966,4,2.78010101010101
Skrova,1966,5,4.30510101010101
Skrova,1966,6,4.90161616161616
Skrova,1966,7,NaN
Skrova,1966,8,8.5639898989899
Skrova,1966,9,7.41146464646465
Skrova,1966,10,8.88368686868687
Skrova,1966,11,8.14449494949495
Skrova,1966,12,6.19222222222222
Skrova,1967,1,4.46914141414141
Skrova,1967,2,3.53454545454545
Skrova,1967,3,3.24065656565657
Skrova,1967,4,3.29267676767677
Skrova,1967,5,4.23025252525253
Skrova,1967,6,5.81979797979798
Skrova,1967,7,7.87631313131313
Skrova,1967,8,8.86191919191919
Skrova,1967,9,NaN
Skrova,1967,10,7.06782828282828
Skrova,1967,11,6.57646464646465
Skrova,1967,12,5.54580808080808
Skrova,1968,1,4.42313131313131
Skrova,1968,2,3.915
Skrova,1968,3,3.54828282828283
Skrova,1968,4,4.38833333333333
Skrova,1968,5,5.03893939393939
Skrova,1968,6,6.51313131313131
Skrova,1968,7,6.15737373737374
Skrova,1968,8,7.77191919191919
Skrova,1968,9,8.58530303030303
Skrova,1968,10,8.64313131313131
Skrova,1968,11,7.51959595959596
Skrova,1968,12,6.60808080808081
Skrova,1969,1,NaN
Skrova,1969,2,3.68969696969697
Skrova,1969,3,3.47515151515151
Skrova,1969,4,4.02939393939394
Skrova,1969,5,5.26838383838384
Skrova,1969,6,6.70787878787879
Skrova,1969,7,7.92080808080808
Skrova,1969,8,9.69621212121212
Skrova,1969,9,7.42065656565657
Skrova,1969,10,6.25479797979798
Skrova,1969,11,5.50777777777778
Skrova,1969,12,5.76272727272727
Skrova,1970,1,5.08570707070707
Skrova,1970,2,4.35636363636364
Skrova,1970,3,3.79
Skrova,1970,4,3.5520202020202
Skrova,1970,5,4.72843434343434
Skrova,1970,6,5.6380303030303
Skrova,1970,7,8.08292929292929
Skrova,1970,8,9.3470202020202
Skrova,1970,9,9.53161616161616
Skrova,1970,10,9.3609595959596
Skrova,1970,11,7.74161616161616
Skrova,1970,12,6.17570707070707
Skrova,1971,1,4.69949494949495
Skrova,1971,2,NaN
Skrova,1971,3,2.9930303030303
Skrova,1971,4,4.08959595959596
Skrova,1971,5,4.24277777777778
Skrova,1971,6,5.30974747474747
Skrova,1971,7,7.47434343434343
Skrova,1971,8,8.17964646464647
Skrova,1971,9,9.93631313131313
Skrova,1971,10,9.19843434343434
Skrova,1971,11,7.34419191919192
Skrova,1971,12,5.79434343434343
Skrova,1972,1,4.95065656565657
Skrova,1972,2,3.9670202020202
Skrova,1972,3,4.25338383838384
Skrova,1972,4,4.65949494949495
Skrova,1972,5,5.18166666666667
Skrova,1972,6,6.85575757575758
Skrova,1972,7,9.0229797979798
Skrova,1972,8,11.3171212121212
Skrova,1972,9,9.48919191919192
Skrova,1972,10,8.59494949494949
Skrova,1972,11,7.81656565656566
Skrova,1972,12,6.29575757575758
Skrova,1973,1,5.68050505050505
Skrova,1973,2,4.99838383838384
Skrova,1973,3,NaN
Skrova,1973,4,4.2989898989899
Skrova,1973,5,5.48565656565656
Skrova,1973,6,6.91525252525253
Skrova,1973,7,7.8400505050505
Skrova,1973,8,8.98282828282828
Skrova,1973,9,10.5977272727273
Skrova,1973,10,9.50515151515152
Skrova,1973,11,7.82530303030303
Skrova,1973,12,7.03752525252525
Skrova,1974,1,4.08121212121212
Skrova,1974,2,4.01767676767677
Skrova,1974,3,4.33116161616162
Skrova,1974,4,3.90459595959596
Skrova,1974,5,5.05439393939394
Skrova,1974,6,6.28348484848485
Skrova,1974,7,7.89570707070707
Skrova,1974,8,9.49242424242424
Skrova,1974,9,9.42131313131313
Skrova,1974,10,8.41949494949495
Skrova,1974,11,6.55712121212121
Skrova,1974,12,5.19010101010101
Skrova,1975,1,5.54136363636364
Skrova,1975,2,4.39611111111111
Skrova,1975,3,4.17681818181818
Skrova,1975,4,3.92747474747475
Skrova,1975,5,5.02979797979798
Skrova,1975,6,6.29444444444445
Skrova,1975,7,7.08621212121212
Skrova,1975,8,8.18166666666667
Skrova,1975,9,10.2343434343434
Skrova,1975,10,NaN
Skrova,1975,11,NaN
Skrova,1975,12,6.65777777777778
Skrova,1976,1,5.14318181818182
Skrova,1976,2,4.59787878787879
Skrova,1976,3,4.02580808080808
Skrova,1976,4,4.46848484848485
Skrova,1976,5,5.27141414141414
Skrova,1976,6,6.32419191919192
Skrova,1976,7,8.09515151515151
Skrova,1976,8,9.59262626262626
Skrova,1976,9,9.19368686868687
Skrova,1976,10,9.45969696969697
Skrova,1976,11,8.63111111111111
Skrova,1976,12,7.34565656565657
Skrova,1977,1,4.44237373737374
Skrova,1977,2,3.76156565656566
Skrova,1977,3,3.94979797979798
Skrova,1977,4,3.25358585858586
Skrova,1977,5,3.99964646464646
Skrova,1977,6,4.92782828282828
Skrova,1977,7,5.79308080808081
Skrova,1977,8,5.76661616161616
Skrova,1977,9,9.46934343434343
Skrova,1977,10,NaN
Skrova,1977,11,6.3420202020202
Skrova,1977,12,5.59767676767677
Skrova,1978,1,5.10217171717172
Skrova,1978,2,3.64853535353535
Skrova,1978,3,3.49606060606061
Skrova,1978,4,3.33126262626263
Skrova,1978,5,5.34146464646465
Skrova,1978,6,6.10217171717172
Skrova,1978,7,6.87106060606061
Skrova,1978,8,6.76055555555556
Skrova,1978,9,7.17676767676768
Skrova,1978,10,7.43232323232323
Skrova,1978,11,7.6439898989899
Skrova,1978,12,6.59207070707071
Skrova,1979,1,3.75757575757576
Skrova,1979,2,3.62515151515152
Skrova,1979,3,2.72555555555556
Skrova,1979,4,3.18262626262626
Skrova,1979,5,4.19212121212121
Skrova,1979,6,6.06934343434343
Skrova,1979,7,7.55848484848485
Skrova,1979,8,7.64631313131313
Skrova,1979,9,6.62368686868687
Skrova,1979,10,NaN
Skrova,1979,11,NaN
Skrova,1979,12,5.51373737373737
Skrova,1980,1,4.8929797979798
Skrova,1980,2,4.01176767676768
Skrova,1980,3,3.18040404040404
Skrova,1980,4,3.49388888888889
Skrova,1980,5,4.59742424242424
Skrova,1980,6,5.70717171717172
Skrova,1980,7,6.11707070707071
Skrova,1980,8,6.82580808080808
Skrova,1980,9,8.35494949494949
Skrova,1980,10,8.53621212121212
Skrova,1980,11,7.0900505050505
Skrova,1980,12,6.11944444444444
Skrova,1981,1,3.66916666666667
Skrova,1981,2,2.24777777777778
Skrova,1981,3,1.92873737373737
Skrova,1981,4,3.19454545454545
Skrova,1981,5,4.03934343434343
Skrova,1981,6,4.91651515151515
Skrova,1981,7,5.94515151515151
Skrova,1981,8,7.31494949494949
Skrova,1981,9,7.16065656565657
Skrova,1981,10,9.10116161616162
Skrova,1981,11,7.44631313131313
Skrova,1981,12,5.84459595959596
Skrova,1982,1,3.69757575757576
Skrova,1982,2,NaN
Skrova,1982,3,3.17373737373737
Skrova,1982,4,3.13510101010101
Skrova,1982,5,NaN
Skrova,1982,6,5.53388888888889
Skrova,1982,7,6.9219696969697
Skrova,1982,8,8.49707070707071
Skrova,1982,9,9.19015151515152
Skrova,1982,10,NaN
Skrova,1982,11,7.52611111111111
Skrova,1982,12,6.56388888888889
Skrova,1983,1,5.54070707070707
Skrova,1983,2,4.36227272727273
Skrova,1983,3,NaN
Skrova,1983,4,4.92393939393939
Skrova,1983,5,5.89252525252525
Skrova,1983,6,6.80333333333333
Skrova,1983,7,NaN
Skrova,1983,8,9.46964646464646
Skrova,1983,9,9.9000505050505
Skrova,1983,10,9.76757575757576
Skrova,1983,11,7.75646464646465
Skrova,1983,12,6.98267676767677
Skrova,1984,1,4.40505050505051
Skrova,1984,2,3.90353535353535
Skrova,1984,3,3.39964646464646
Skrova,1984,4,4.69969696969697
Skrova,1984,5,5.28621212121212
Skrova,1984,6,6.99166666666667
Skrova,1984,7,7.54358585858586
Skrova,1984,8,8.21873737373737
Skrova,1984,9,9.30742424242424
Skrova,1984,10,NaN
Skrova,1984,11,7.12287878787879
Skrova,1984,12,6.77252525252525
Skrova,1985,1,5.4540404040404
Skrova,1985,2,NaN
Skrova,1985,3,3.33757575757576
Skrova,1985,4,3.05085858585859
Skrova,1985,5,4.07141414141414
Skrova,1985,6,5.88944444444444
Skrova,1985,7,6.68323232323232
Skrova,1985,8,7.07222222222222
Skrova,1985,9,7.95636363636364
Skrova,1985,10,7.11075757575757
Skrova,1985,11,6.70959595959596
Skrova,1985,12,6.35378787878788
Skrova,1986,1,4.58414141414141
Skrova,1986,2,3.4460101010101
Skrova,1986,3,3.16641414141414
Skrova,1986,4,3.36141414141414
Skrova,1986,5,4.69838383838384
Skrova,1986,6,6.85681818181818
Skrova,1986,7,8.4229797979798
Skrova,1986,8,8.4440404040404
Skrova,1986,9,8.9690404040404
Skrova,1986,10,NaN
Skrova,1986,11,7.99636363636364
Skrova,1986,12,6.04843434343434
Skrova,1987,1,4.38888888888889
Skrova,1987,2,3.48919191919192
Skrova,1987,3,2.56424242424242
Skrova,1987,4,3.57808080808081
Skrova,1987,5,3.84590909090909
Skrova,1987,6,5.4089898989899
Skrova,1987,7,6.54232323232323
Skrova,1987,8,6.81111111111111
Skrova,1987,9,7.55166666666667
Skrova,1987,10,7.42510101010101
Skrova,1987,11,6.91747474747475
Skrova,1987,12,5.4409595959596
Skrova,1988,1,5.0040404040404
Skrova,1988,2,3.95414141414141
Skrova,1988,3,3.19676767676768
Skrova,1988,4,3.10974747474747
Skrova,1988,5,3.85626262626263
Skrova,1988,6,5.28843434343434
Skrova,1988,7,6.89292929292929
Skrova,1988,8,6.93156565656566
Skrova,1988,9,6.63171717171717
Skrova,1988,10,8.13186868686869
Skrova,1988,11,8.45939393939394
Skrova,1988,12,6.73520202020202
Skrova,1989,1,NaN
Skrova,1989,2,4.06070707070707
Skrova,1989,3,4.59186868686869
Skrova,1989,4,5.25070707070707
Skrova,1989,5,6.19934343434343
Skrova,1989,6,7.24813131313131
Skrova,1989,7,8.71944444444444
Skrova,1989,8,8.99257575757576
Skrova,1989,9,9.3590404040404
Skrova,1989,10,10.2959545454545
Skrova,1989,11,7.89712121212121
Skrova,1989,12,6.51550505050505
Skrova,1990,1,NaN
Skrova,1990,2,4.96919191919192
Skrova,1990,3,NaN
Skrova,1990,4,4.40888888888889
Skrova,1990,5,5.37292929292929
Skrova,1990,6,6.63934343434344
Skrova,1990,7,7.8310101010101
Skrova,1990,8,8.9000505050505
Skrova,1990,9,9.57782828282828
Skrova,1990,10,NaN
Skrova,1990,11,8.36414141414141
Skrova,1990,12,7.1459595959596
Skrova,1991,1,5.35707070707071
Skrova,1991,2,4.41272727272727
Skrova,1991,3,4.83323232323232
Skrova,1991,4,NaN
Skrova,1991,5,5.79146464646465
Skrova,1991,6,6.78585858585859
Skrova,1991,7,7.91358585858586
Skrova,1991,8,9.11045454545454
Skrova,1991,9,10.2019191919192
Skrova,1991,10,NaN
Skrova,1991,11,8.6409595959596
Skrova,1991,12,6.76111111111111
Skrova,1992,1,5.70343434343434
Skrova,1992,2,4.79171717171717
Skrova,1992,3,4.38368686868687
Skrova,1992,4,4.9374696969697
Skrova,1992,5,6.21317171717172
Skrova,1992,6,6.5479898989899
Skrova,1992,7,8.63309595959596
Skrova,1992,8,9.48239898989899
Skrova,1992,9,NaN
Skrova,1992,10,NaN
Skrova,1992,11,8.62085858585859
Skrova,1992,12,7.37828282828283
Skrova,1993,1,4.53459595959596
Skrova,1993,2,4.4459898989899
Skrova,1993,3,3.60117171717172
Skrova,1993,4,4.71193939393939
Skrova,1993,5,6.06177777777778
Skrova,1993,6,6.85088383838384
Skrova,1993,7,7.80993434343434
Skrova,1993,8,8.4469797979798
Skrova,1993,9,9.40866666666667
Skrova,1993,10,9.03280303030303
Skrova,1993,11,6.7339595959596
Skrova,1993,12,6.0105202020202
Skrova,1994,1,4.4490202020202
Skrova,1994,2,3.95878787878788
Skrova,1994,3,3.34637878787879
Skrova,1994,4,3.32905050505051
Skrova,1994,5,4.04873737373737
Skrova,1994,6,5.56364141414141
Skrova,1994,7,8.13016161616162
Skrova,1994,8,8.5470404040404
Skrova,1994,9,8.51232323232323
Skrova,1994,10,8.00916161616162
Skrova,1994,11,6.9159898989899
Skrova,1994,12,6.0835
Skrova,1995,1,4.74678282828283
Skrova,1995,2,4.11840909090909
Skrova,1995,3,3.95126767676768
Skrova,1995,4,4.29982828282828
Skrova,1995,5,5.25083838383838
Skrova,1995,6,6.02072222222222
Skrova,1995,7,7.29544444444444
Skrova,1995,8,8.6544797979798
Skrova,1995,9,7.74390909090909
Skrova,1995,10,7.47334848484849
Skrova,1995,11,6.85766161616162
Skrova,1995,12,5.90441919191919
Skrova,1996,1,5.50805050505051
Skrova,1996,2,4.30114646464646
Skrova,1996,3,3.59032323232323
Skrova,1996,4,4.90381818181818
Skrova,1996,5,5.49913636363636
Skrova,1996,6,6.61484343434343
Skrova,1996,7,7.94072222222222
Skrova,1996,8,10.1860909090909
Skrova,1996,9,8.86144444444444
Skrova,1996,10,8.32960606060606
Skrova,1996,11,8.0350303030303
Skrova,1996,12,6.97731313131313
Skrova,1997,1,5.58249494949495
Skrova,1997,2,4.09787878787879
Skrova,1997,3,3.56322222222222
Skrova,1997,4,3.52250505050505
Skrova,1997,5,4.70439898989899
Skrova,1997,6,6.09844949494949
Skrova,1997,7,7.25528282828283
Skrova,1997,8,7.35203535353535
Skrova,1997,9,8.75161616161616
Skrova,1997,10,9.34077272727273
Skrova,1997,11,8.0229797979798
Skrova,1997,12,7.13216666666667
Skrova,1998,1,5.43538888888889
Skrova,1998,2,4.05925252525252
Skrova,1998,3,3.75336868686869
Skrova,1998,4,4.38554545454545
Skrova,1998,5,4.44964141414141
Skrova,1998,6,6.02497474747475
Skrova,1998,7,6.8259595959596
Skrova,1998,8,8.05455050505051
Skrova,1998,9,10.1821464646465
Skrova,1998,10,10.7599393939394
Skrova,1998,11,8.16125757575758
Skrova,1998,12,6.38832323232323
Skrova,1999,1,5.38185858585859
Skrova,1999,2,4.71932323232323
Skrova,1999,3,3.66689393939394
Skrova,1999,4,4.0624797979798
Skrova,1999,5,4.96168181818182
Skrova,1999,6,6.79357070707071
Skrova,1999,7,8.25726767676768
Skrova,1999,8,8.53091414141414
Skrova,1999,9,9.65928282828283
Skrova,1999,10,9.05424747474748
Skrova,1999,11,7.90571717171717
Skrova,1999,12,6.37960101010101
Skrova,2000,1,6.60410101010101
Skrova,2000,2,5.65877272727273
Skrova,2000,3,4.67184343434343
Skrova,2000,4,5.23841919191919
Skrova,2000,5,5.75738888888889
Skrova,2000,6,7.04189898989899
Skrova,2000,7,8.34817676767677
Skrova,2000,8,7.83012626262626
Skrova,2000,9,9.34448484848485
Skrova,2000,10,9.31428282828283
Skrova,2000,11,9.18867676767677
Skrova,2000,12,7.72373737373737
Skrova,2001,1,6.20678282828283
Skrova,2001,2,4.91745454545454
Skrova,2001,3,3.82022727272727
Skrova,2001,4,3.94981818181818
Skrova,2001,5,5.06099494949495
Skrova,2001,6,5.91891919191919
Skrova,2001,7,7.24835858585859
Skrova,2001,8,7.70944949494949
Skrova,2001,9,8.71164646464646
Skrova,2001,10,9.49757575757576
Skrova,2001,11,8.20932828282828
Skrova,2001,12,7.8419898989899
Skrova,2002,1,5.38919191919192
Skrova,2002,2,4.28881818181818
Skrova,2002,3,4.33851515151515
Skrova,2002,4,4.88514141414141
Skrova,2002,5,5.89138888888889
Skrova,2002,6,7.28714646464646
Skrova,2002,7,8.73391414141414
Skrova,2002,8,9.41625757575758
Skrova,2002,9,9.48678282828283
Skrova,2002,10,8.82924747474748
Skrova,2002,11,8.07683838383839
Skrova,2002,12,7.21616161616162
Skrova,2003,1,4.53805555555556
Skrova,2003,2,3.90725757575758
Skrova,2003,3,3.79671717171717
Skrova,2003,4,4.32865151515152
Skrova,2003,5,5.35272222222222
Skrova,2003,6,7.05571212121212
Skrova,2003,7,7.65771212121212
Skrova,2003,8,9.5510101010101
Skrova,2003,9,9.96273737373737
Skrova,2003,10,8.71223232323232
Skrova,2003,11,7.17669191919192
Skrova,2003,12,5.66872222222222
Skrova,2004,1,5.61657070707071
Skrova,2004,2,5.72430808080808
Skrova,2004,3,4.50172222222222
Skrova,2004,4,4.79336868686869
Skrova,2004,5,5.59125757575758
Skrova,2004,6,6.43945454545455
Skrova,2004,7,7.63838888888889
Skrova,2004,8,8.04786868686869
Skrova,2004,9,8.70713131313131
Skrova,2004,10,9.20162626262626
Skrova,2004,11,8.39865656565657
Skrova,2004,12,6.78714646464646
Skrova,2005,1,5.7569797979798
Skrova,2005,2,5.0300505050505
Skrova,2005,3,5.15130808080808
Skrova,2005,4,5.8150404040404
Skrova,2005,5,6.04786868686869
Skrova,2005,6,6.96029292929293
Skrova,2005,7,8.79771212121212
Skrova,2005,8,8.53926767676768
Skrova,2005,9,8.42142929292929
Skrova,2005,10,9.22352525252525
Skrova,2005,11,9.08386868686869
Skrova,2005,12,7.55080808080808
Skrova,2006,1,7.04033333333333
Skrova,2006,2,5.50823232323232
Skrova,2006,3,5.19374747474748
Skrova,2006,4,5.63531313131313
Skrova,2006,5,6.44661616161616
Skrova,2006,6,7.93882828282828
Skrova,2006,7,8.84126262626263
Skrova,2006,8,9.30598484848485
Skrova,2006,9,9.61112626262626
Skrova,2006,10,9.93381313131313
Skrova,2006,11,9.58976262626263
Skrova,2006,12,7.91507575757576
Skrova,2007,1,5.97752525252525
Skrova,2007,2,4.77103535353535
Skrova,2007,3,5.4299494949495
Skrova,2007,4,5.88709595959596
Skrova,2007,5,5.77661616161616
Skrova,2007,6,7.03035353535354
Skrova,2007,7,7.7114898989899
Skrova,2007,8,8.23659090909091
Skrova,2007,9,9.40575757575758
Skrova,2007,10,9.2580404040404
Skrova,2007,11,8.58323232323232
Skrova,2007,12,7.71489898989899
Skrova,2008,1,6.08810606060606
Skrova,2008,2,4.85363636363636
Skrova,2008,3,4.65439393939394
Skrova,2008,4,4.86228282828283
Skrova,2008,5,5.50622727272727
Skrova,2008,6,6.5765404040404
Skrova,2008,7,8.16056060606061
Skrova,2008,8,8.64126262626263
Skrova,2008,9,9.65666666666667
Skrova,2008,10,10.0785858585859
Skrova,2008,11,8.84993939393939
Skrova,2008,12,6.94217171717172
Skrova,2009,1,6.37060606060606
Skrova,2009,2,6.03563131313131
Skrova,2009,3,4.79621212121212
Skrova,2009,4,NaN
Skrova,2009,5,5.82096464646465
Skrova,2009,6,7.04780303030303
Skrova,2009,7,NaN
Skrova,2009,8,8.47391414141414
Skrova,2009,9,9.14550505050505
Skrova,2009,10,10.4005555555556
Skrova,2009,11,8.50106565656566
Skrova,2009,12,7.59818181818182
Skrova,2010,1,6.05157575757576
Skrova,2010,2,4.1650202020202
Skrova,2010,3,3.80141919191919
Skrova,2010,4,4.45592424242424
Skrova,2010,5,5.27719696969697
Skrova,2010,6,5.90828282828283
Skrova,2010,7,7.25108585858586
Skrova,2010,8,7.88789393939394
Skrova,2010,9,9.90888888888889
Skrova,2010,10,10.7390909090909
Skrova,2010,11,9.36505050505051
Skrova,2010,12,7.35427272727273
Skrova,2011,1,5.638
Skrova,2011,2,NaN
Skrova,2011,3,2.94963636363636
Skrova,2011,4,3.55202525252525
Skrova,2011,5,4.52613636363636
Skrova,2011,6,6.11937878787879
Skrova,2011,7,7.18182828282828
Skrova,2011,8,NaN
Skrova,2011,9,8.07294949494949
Skrova,2011,10,9.22988383838384
Skrova,2011,11,8.20263636363637
Skrova,2011,12,NaN
Skrova,2012,1,6.80272222222222
Skrova,2012,2,NaN
Skrova,2012,3,NaN
Skrova,2012,4,5.14393939393939
Skrova,2012,5,6.42668181818182
Skrova,2012,6,6.94067676767677
Skrova,2012,7,7.58525757575758
Skrova,2012,8,8.6815202020202
Skrova,2012,9,7.85779292929293
Skrova,2012,10,10.3727676767677
Skrova,2012,11,9.7690404040404
Skrova,2012,12,NaN
Skrova,2013,1,NaN
Skrova,2013,2,NaN
Skrova,2013,3,NaN
Skrova,2013,4,NaN
Skrova,2013,5,NaN
Skrova,2013,6,NaN
Skrova,2013,7,NaN
Skrova,2013,8,NaN
Skrova,2013,9,10.0747575757576
Skrova,2013,10,9.87268686868687
Skrova,2013,11,8.09377777777778
Skrova,2013,12,6.93193434343434
Skrova,2014,1,NaN
Skrova,2014,2,4.95313636363636
Skrova,2014,3,5.16021212121212
Skrova,2014,4,5.10130808080808
Skrova,2014,5,5.7304595959596
Skrova,2014,6,6.53612626262626
Skrova,2014,7,7.06113131313131
Skrova,2014,8,7.44681818181818
Skrova,2014,9,NaN
Skrova,2014,10,NaN
Skrova,2014,11,NaN
Skrova,2014,12,NaN
Skrova,2015,1,6.25918686868687
Skrova,2015,2,5.05570707070707
Skrova,2015,3,4.33554545454545
Skrova,2015,4,4.55054545454546
Skrova,2015,5,5.38356060606061
Skrova,2015,6,7.18272727272727
Skrova,2015,7,7.61972727272727
Skrova,2015,8,7.96624747474748
Skrova,2015,9,8.0905
Skrova,2015,10,9.72325757575758
Skrova,2015,11,9.02678282828283
Skrova,2015,12,7.46862626262626
Skrova,2016,1,6.58577272727273
Skrova,2016,2,6.48321212121212
Skrova,2016,3,5.62737878787879
Skrova,2016,4,5.65659595959596
Skrova,2016,5,6.50439393939394
Skrova,2016,6,7.27416666666667
Skrova,2016,7,8.2094898989899
Skrova,2016,8,8.67219191919192
Skrova,2016,9,9.92735353535354
Skrova,2016,10,10.2045808080808
Skrova,2016,11,9.5939494949495
Skrova,2016,12,8.21726262626263
Skrova,2017,1,6.37237878787879
Skrova,2017,2,5.46966161616162
Skrova,2017,3,5.52960101010101
Skrova,2017,4,5.21391414141414
Skrova,2017,5,6.6284595959596
Skrova,2017,6,7.65237373737374
Skrova,2017,7,8.71612121212121
Skrova,2017,8,10.0309646464646
Skrova,2017,9,9.6109696969697
Skrova,2017,10,11.3210656565657
Skrova,2017,11,9.59743939393939
Skrova,2017,12,8.19811111111111
Skrova,2018,1,5.96970707070707
Skrova,2018,2,4.0435
Skrova,2018,3,4.12077272727273
Skrova,2018,4,4.83098484848485
Skrova,2018,5,6.47181313131313
Skrova,2018,6,7.17548484848485
Skrova,2018,7,8.81243434343434
Skrova,2018,8,9.38372727272727
Skrova,2018,9,10.7275404040404
Skrova,2018,10,10.5226262626263
Skrova,2018,11,9.10592424242424
Skrova,2018,12,7.79375757575758
Skrova,2019,1,6.60522222222222
Skrova,2019,2,5.82167676767677
Skrova,2019,3,4.88605050505051
Skrova,2019,4,5.15189898989899
Skrova,2019,5,6.17173232323232
Skrova,2019,6,7.04478787878788
Skrova,2019,7,8.07708080808081
Skrova,2019,8,9.26336868686869
Skrova,2019,9,10.7668838383838
Skrova,2019,10,10.468904040404
Skrova,2019,11,9.63782323232323
Skrova,2019,12,8.65055555555556
Skrova,2020,1,5.07193434343434
Skrova,2020,2,4.66326262626263
Skrova,2020,3,4.4114696969697
Skrova,2020,4,4.25278282828283
Skrova,2020,5,5.30029797979798
Skrova,2020,6,6.89771717171717
Skrova,2020,7,7.0465303030303
Skrova,2020,8,8.81918686868687
Skrova,2020,9,11.1838333333333
Skrova,2020,10,10.2038787878788
Skrova,2020,11,8.3490202020202
Skrova,2020,12,6.57134848484848
Eggum,1940,1,5.13691919191919
Eggum,1940,2,4.58459595959596
Eggum,1940,3,3.92929292929293
Eggum,1940,4,NaN
Eggum,1940,5,NaN
Eggum,1940,6,7.00146464646465
Eggum,1940,7,7.94641414141414
Eggum,1940,8,7.76141414141414
Eggum,1940,9,9.85782828282828
Eggum,1940,10,8.53469696969697
Eggum,1940,11,7.57323232323232
Eggum,1940,12,6.34686868686869
Eggum,1941,1,5.99015151515152
Eggum,1941,2,4.40565656565657
Eggum,1941,3,4.10722222222222
Eggum,1941,4,3.5249494949495
Eggum,1941,5,4.31353535353535
Eggum,1941,6,5.7560101010101
Eggum,1941,7,7.20176767676768
Eggum,1941,8,8.48944444444444
Eggum,1941,9,8.39171717171717
Eggum,1941,10,8.39131313131313
Eggum,1941,11,7.17828282828283
Eggum,1941,12,6.60565656565657
Eggum,1942,1,4.64085858585859
Eggum,1942,2,4.16540404040404
Eggum,1942,3,3.36252525252525
Eggum,1942,4,3.71762626262626
Eggum,1942,5,4.49358585858586
Eggum,1942,6,NaN
Eggum,1942,7,NaN
Eggum,1942,8,7.7429797979798
Eggum,1942,9,7.77510101010101
Eggum,1942,10,7.16131313131313
Eggum,1942,11,7.20151515151515
Eggum,1942,12,5.85712121212121
Eggum,1943,1,5.29676767676768
Eggum,1943,2,4.44621212121212
Eggum,1943,3,4.97121212121212
Eggum,1943,4,4.33479797979798
Eggum,1943,5,5.49661616161616
Eggum,1943,6,6.76363636363636
Eggum,1943,7,7.62378787878788
Eggum,1943,8,8.49934343434343
Eggum,1943,9,8.55267676767677
Eggum,1943,10,9.22570707070707
Eggum,1943,11,NaN
Eggum,1943,12,6.55469696969697
Eggum,1944,1,6.63282828282828
Eggum,1944,2,5.82772727272727
Eggum,1944,3,NaN
Eggum,1944,4,4.79237373737374
Eggum,1944,5,5.45409090909091
Eggum,1944,6,6.5929797979798
Eggum,1944,7,7.74222222222222
Eggum,1944,8,8.1160101010101
Eggum,1944,9,8.84010101010101
Eggum,1944,10,8.9319696969697
Eggum,1944,11,8.3889898989899
Eggum,1944,12,7.62580808080808
Eggum,1945,1,5.64388888888889
Eggum,1945,2,4.60631313131313
Eggum,1945,3,5.01828282828283
Eggum,1945,4,4.35257575757576
Eggum,1945,5,5.52828282828283
Eggum,1945,6,6.42348484848485
Eggum,1945,7,7.50489898989899
Eggum,1945,8,8.18929292929293
Eggum,1945,9,8.94136363636364
Eggum,1945,10,8.68666666666667
Eggum,1945,11,8.18823232323232
Eggum,1945,12,7.12
Eggum,1946,1,5.96232323232323
Eggum,1946,2,5.12575757575758
Eggum,1946,3,4.29050505050505
Eggum,1946,4,4.69616161616162
Eggum,1946,5,5.21373737373737
Eggum,1946,6,6.68767676767677
Eggum,1946,7,7.86863636363636
Eggum,1946,8,9.49075757575758
Eggum,1946,9,8.14818181818182
Eggum,1946,10,7.52434343434343
Eggum,1946,11,6.89323232323232
Eggum,1946,12,6.4930303030303
Eggum,1947,1,6.25232323232323
Eggum,1947,2,4.16373737373737
Eggum,1947,3,4.12207070707071
Eggum,1947,4,4.56363636363636
Eggum,1947,5,5.26459595959596
Eggum,1947,6,6.1340404040404
Eggum,1947,7,7.38585858585859
Eggum,1947,8,8.77333333333333
Eggum,1947,9,10.5724747474747
Eggum,1947,10,10.5564646464646
Eggum,1947,11,9.12878787878788
Eggum,1947,12,7.40550505050505
Eggum,1948,1,5.10717171717172
Eggum,1948,2,4.37308080808081
Eggum,1948,3,5.16151515151515
Eggum,1948,4,5.21843434343434
Eggum,1948,5,5.54166666666667
Eggum,1948,6,6.78191919191919
Eggum,1948,7,7.66474747474747
Eggum,1948,8,8.1139898989899
Eggum,1948,9,9.2570202020202
Eggum,1948,10,8.58813131313131
Eggum,1948,11,7.87419191919192
Eggum,1948,12,6.75484848484848
Eggum,1949,1,6.68181818181818
Eggum,1949,2,5.56656565656566
Eggum,1949,3,4.59853535353535
Eggum,1949,4,5.33646464646465
Eggum,1949,5,5.8959595959596
Eggum,1949,6,7.05308080808081
Eggum,1949,7,7.57631313131313
Eggum,1949,8,7.71308080808081
Eggum,1949,9,8.21530303030303
Eggum,1949,10,7.9679797979798
Eggum,1949,11,8.06580808080808
Eggum,1949,12,7.19449494949495
Eggum,1950,1,6.92469696969697
Eggum,1950,2,6.08409090909091
Eggum,1950,3,5.32520202020202
Eggum,1950,4,5.25272727272727
Eggum,1950,5,6.03732323232323
Eggum,1950,6,7.00121212121212
Eggum,1950,7,7.8549494949495
Eggum,1950,8,8.01186868686869
Eggum,1950,9,8.81742424242424
Eggum,1950,10,8.4289898989899
Eggum,1950,11,8.93212121212121
Eggum,1950,12,NaN
Eggum,1951,1,5.72848484848485
Eggum,1951,2,5.27308080808081
Eggum,1951,3,4.81166666666667
Eggum,1951,4,4.21368686868687
Eggum,1951,5,5.27409090909091
Eggum,1951,6,6.04929292929293
Eggum,1951,7,6.82181818181818
Eggum,1951,8,7.61323232323232
Eggum,1951,9,10.3482323232323
Eggum,1951,10,11.45
Eggum,1951,11,9.9210101010101
Eggum,1951,12,7.37727272727273
Eggum,1952,1,5.88292929292929
Eggum,1952,2,NaN
Eggum,1952,3,4.30742424242424
Eggum,1952,4,5.05217171717172
Eggum,1952,5,5.49823232323232
Eggum,1952,6,6.28126262626263
Eggum,1952,7,7.47530303030303
Eggum,1952,8,8.98217171717172
Eggum,1952,9,9.08030303030303
Eggum,1952,10,10.3618686868687
Eggum,1952,11,NaN
Eggum,1952,12,6.59363636363636
Eggum,1953,1,NaN
Eggum,1953,2,NaN
Eggum,1953,3,4.47545454545455
Eggum,1953,4,3.91464646464646
Eggum,1953,5,NaN
Eggum,1953,6,6.66944444444444
Eggum,1953,7,7.37454545454545
Eggum,1953,8,7.42858585858586
Eggum,1953,9,8.33242424242424
Eggum,1953,10,7.73479797979798
Eggum,1953,11,7.10691919191919
Eggum,1953,12,5.27131313131313
Eggum,1954,1,6.01166666666667
Eggum,1954,2,5.64035353535354
Eggum,1954,3,4.67691919191919
Eggum,1954,4,4.35338383838384
Eggum,1954,5,NaN
Eggum,1954,6,6.50257575757576
Eggum,1954,7,NaN
Eggum,1954,8,NaN
Eggum,1954,9,7.74979797979798
Eggum,1954,10,9.42818181818182
Eggum,1954,11,NaN
Eggum,1954,12,7.86883838383838
Eggum,1955,1,NaN
Eggum,1955,2,NaN
Eggum,1955,3,NaN
Eggum,1955,4,4.00545454545455
Eggum,1955,5,NaN
Eggum,1955,6,NaN
Eggum,1955,7,NaN
Eggum,1955,8,NaN
Eggum,1955,9,NaN
Eggum,1955,10,NaN
Eggum,1955,11,NaN
Eggum,1955,12,6.79136363636364
Eggum,1956,1,4.50212121212121
Eggum,1956,2,NaN
Eggum,1956,3,NaN
Eggum,1956,4,NaN
Eggum,1956,5,NaN
Eggum,1956,6,NaN
Eggum,1956,7,NaN
Eggum,1956,8,NaN
Eggum,1956,9,NaN
Eggum,1956,10,NaN
Eggum,1956,11,NaN
Eggum,1956,12,NaN
Eggum,1957,1,NaN
Eggum,1957,2,NaN
Eggum,1957,3,NaN
Eggum,1957,4,5.03191919191919
Eggum,1957,5,NaN
Eggum,1957,6,5.86464646464646
Eggum,1957,7,6.92954545454545
Eggum,1957,8,7.73166666666667
Eggum,1957,9,NaN
Eggum,1957,10,NaN
Eggum,1957,11,NaN
Eggum,1957,12,NaN
Eggum,1958,1,6.45535353535353
Eggum,1958,2,NaN
Eggum,1958,3,NaN
Eggum,1958,4,NaN
Eggum,1958,5,NaN
Eggum,1958,6,6.07989898989899
Eggum,1958,7,NaN
Eggum,1958,8,NaN
Eggum,1958,9,8.35328282828283
Eggum,1958,10,NaN
Eggum,1958,11,7.85429292929293
Eggum,1958,12,NaN
Eggum,1959,1,NaN
Eggum,1959,2,NaN
Eggum,1959,3,NaN
Eggum,1959,4,NaN
Eggum,1959,5,NaN
Eggum,1959,6,NaN
Eggum,1959,7,NaN
Eggum,1959,8,NaN
Eggum,1959,9,NaN
Eggum,1959,10,NaN
Eggum,1959,11,NaN
Eggum,1959,12,NaN
Eggum,1960,1,6.2830303030303
Eggum,1960,2,5.59484848484848
Eggum,1960,3,4.4740404040404
Eggum,1960,4,5.58252525252525
Eggum,1960,5,6.15949494949495
Eggum,1960,6,6.94176767676768
Eggum,1960,7,7.76156565656566
Eggum,1960,8,7.91353535353535
Eggum,1960,9,NaN
Eggum,1960,10,9.91944444444445
Eggum,1960,11,8.31823232323232
Eggum,1960,12,6.76727272727273
Eggum,1961,1,5.88368686868687
Eggum,1961,2,5.06055555555556
Eggum,1961,3,NaN
Eggum,1961,4,5.02909090909091
Eggum,1961,5,5.73489898989899
Eggum,1961,6,7.09944444444444
Eggum,1961,7,8.05757575757576
Eggum,1961,8,9.06479797979798
Eggum,1961,9,8.43454545454545
Eggum,1961,10,7.90469696969697
Eggum,1961,11,7.26070707070707
Eggum,1961,12,6.29106060606061
Eggum,1962,1,5.65136363636364
Eggum,1962,2,NaN
Eggum,1962,3,NaN
Eggum,1962,4,4.19363636363636
Eggum,1962,5,5.35515151515152
Eggum,1962,6,6.56727272727273
Eggum,1962,7,7.78858585858586
Eggum,1962,8,7.90277777777778
Eggum,1962,9,9.10777777777778
Eggum,1962,10,10.1278282828283
Eggum,1962,11,9.85055555555556
Eggum,1962,12,7.45929292929293
Eggum,1963,1,5.02914141414141
Eggum,1963,2,NaN
Eggum,1963,3,3.83323232323232
Eggum,1963,4,3.83626262626263
Eggum,1963,5,5.12585858585859
Eggum,1963,6,6.16116161616162
Eggum,1963,7,7.48378787878788
Eggum,1963,8,8.36484848484849
Eggum,1963,9,8.23737373737374
Eggum,1963,10,NaN
Eggum,1963,11,8.2010101010101
Eggum,1963,12,6.99126262626263
Eggum,1964,1,5.67343434343434
Eggum,1964,2,5.04358585858586
Eggum,1964,3,4.82191919191919
Eggum,1964,4,4.54388888888889
Eggum,1964,5,5.84287878787879
Eggum,1964,6,7.04464646464647
Eggum,1964,7,7.90929292929293
Eggum,1964,8,9.52146464646465
Eggum,1964,9,8.81484848484848
Eggum,1964,10,9.88616161616162
Eggum,1964,11,8.41989898989899
Eggum,1964,12,6.3910101010101
Eggum,1965,1,5.41136363636364
Eggum,1965,2,4.42267676767677
Eggum,1965,3,4.20747474747475
Eggum,1965,4,4.54070707070707
Eggum,1965,5,5.52813131313131
Eggum,1965,6,6.15606060606061
Eggum,1965,7,7.25893939393939
Eggum,1965,8,7.8420202020202
Eggum,1965,9,9.60171717171717
Eggum,1965,10,8.87217171717172
Eggum,1965,11,7.35429292929293
Eggum,1965,12,6.95363636363636
Eggum,1966,1,4.85540404040404
Eggum,1966,2,2.92222222222222
Eggum,1966,3,2.69045454545455
Eggum,1966,4,3.85580808080808
Eggum,1966,5,4.64611111111111
Eggum,1966,6,5.45363636363636
Eggum,1966,7,6.80181818181818
Eggum,1966,8,8.87691919191919
Eggum,1966,9,8.08843434343434
Eggum,1966,10,8.17388888888889
Eggum,1966,11,8.73823232323232
Eggum,1966,12,6.46186868686869
Eggum,1967,1,5.56777777777778
Eggum,1967,2,4.26681818181818
Eggum,1967,3,3.96691919191919
Eggum,1967,4,NaN
Eggum,1967,5,4.74333333333333
Eggum,1967,6,6.3030303030303
Eggum,1967,7,7.81712121212121
Eggum,1967,8,9.04833333333333
Eggum,1967,9,8.33419191919192
Eggum,1967,10,7.16393939393939
Eggum,1967,11,6.80313131313131
Eggum,1967,12,6.62585858585859
Eggum,1968,1,NaN
Eggum,1968,2,NaN
Eggum,1968,3,3.96257575757576
Eggum,1968,4,4.72919191919192
Eggum,1968,5,5.24520202020202
Eggum,1968,6,6.38535353535354
Eggum,1968,7,7.12676767676768
Eggum,1968,8,7.59222222222222
Eggum,1968,9,10.0803535353535
Eggum,1968,10,9.44237373737374
Eggum,1968,11,8.60868686868687
Eggum,1968,12,7.02520202020202
Eggum,1969,1,5.62641414141414
Eggum,1969,2,NaN
Eggum,1969,3,3.74
Eggum,1969,4,4.28151515151515
Eggum,1969,5,4.51651515151515
Eggum,1969,6,6.71308080808081
Eggum,1969,7,7.28631313131313
Eggum,1969,8,8.88691919191919
Eggum,1969,9,7.90439393939394
Eggum,1969,10,7.01767676767677
Eggum,1969,11,6.19590909090909
Eggum,1969,12,6.4469696969697
Eggum,1970,1,5.4720202020202
Eggum,1970,2,NaN
Eggum,1970,3,NaN
Eggum,1970,4,4.40429292929293
Eggum,1970,5,4.83015151515152
Eggum,1970,6,6.04060606060606
Eggum,1970,7,7.19348484848485
Eggum,1970,8,8.49979797979798
Eggum,1970,9,9.31343434343434
Eggum,1970,10,8.75156565656566
Eggum,1970,11,7.4640404040404
Eggum,1970,12,6.32919191919192
Eggum,1971,1,NaN
Eggum,1971,2,NaN
Eggum,1971,3,NaN
Eggum,1971,4,NaN
Eggum,1971,5,4.64161616161616
Eggum,1971,6,5.95156565656566
Eggum,1971,7,8.20732323232323
Eggum,1971,8,NaN
Eggum,1971,9,9.25166666666667
Eggum,1971,10,8.9930303030303
Eggum,1971,11,8.20530303030303
Eggum,1971,12,6.98282828282828
Eggum,1972,1,NaN
Eggum,1972,2,NaN
Eggum,1972,3,NaN
Eggum,1972,4,NaN
Eggum,1972,5,NaN
Eggum,1972,6,NaN
Eggum,1972,7,NaN
Eggum,1972,8,NaN
Eggum,1972,9,NaN
Eggum,1972,10,NaN
Eggum,1972,11,NaN
Eggum,1972,12,NaN
Eggum,1973,1,NaN
Eggum,1973,2,NaN
Eggum,1973,3,NaN
Eggum,1973,4,NaN
Eggum,1973,5,NaN
Eggum,1973,6,7.0019696969697
Eggum,1973,7,8.41045454545455
Eggum,1973,8,9.13959595959596
Eggum,1973,9,NaN
Eggum,1973,10,NaN
Eggum,1973,11,NaN
Eggum,1973,12,NaN
Eggum,1974,1,5.3610101010101
Eggum,1974,2,3.81075757575758
Eggum,1974,3,4.64585858585859
Eggum,1974,4,4.61227272727273
Eggum,1974,5,5.28484848484849
Eggum,1974,6,6.71580808080808
Eggum,1974,7,7.69282828282828
Eggum,1974,8,9.24
Eggum,1974,9,9.13171717171717
Eggum,1974,10,8.45944444444445
Eggum,1974,11,NaN
Eggum,1974,12,NaN
Eggum,1975,1,5.88681818181818
Eggum,1975,2,5.09636363636364
Eggum,1975,3,5.57292929292929
Eggum,1975,4,4.92535353535354
Eggum,1975,5,5.63823232323232
Eggum,1975,6,7.17681818181818
Eggum,1975,7,7.8919696969697
Eggum,1975,8,8.78914141414141
Eggum,1975,9,10.2048484848485
Eggum,1975,10,10.2129797979798
Eggum,1975,11,8.94424242424243
Eggum,1975,12,6.61338383838384
Eggum,1976,1,NaN
Eggum,1976,2,5.29535353535354
Eggum,1976,3,4.62964646464646
Eggum,1976,4,4.50545454545454
Eggum,1976,5,5.63666666666667
Eggum,1976,6,6.97878787878788
Eggum,1976,7,7.96924242424242
Eggum,1976,8,9.47156565656566
Eggum,1976,9,9.07671717171717
Eggum,1976,10,NaN
Eggum,1976,11,8.28954545454545
Eggum,1976,12,6.28469696969697
Eggum,1977,1,5.03853535353535
Eggum,1977,2,4.19545454545455
Eggum,1977,3,4.31217171717172
Eggum,1977,4,4.27777777777778
Eggum,1977,5,4.66176767676768
Eggum,1977,6,5.84555555555556
Eggum,1977,7,6.39686868686869
Eggum,1977,8,7.93005050505051
Eggum,1977,9,9.44974747474748
Eggum,1977,10,8.47181818181818
Eggum,1977,11,6.95272727272727
Eggum,1977,12,5.75075757575758
Eggum,1978,1,5.45025252525253
Eggum,1978,2,4.36247474747475
Eggum,1978,3,3.3600505050505
Eggum,1978,4,3.69439393939394
Eggum,1978,5,4.42646464646465
Eggum,1978,6,6.27505050505051
Eggum,1978,7,7.35308080808081
Eggum,1978,8,7.70419191919192
Eggum,1978,9,8.26494949494949
Eggum,1978,10,NaN
Eggum,1978,11,7.29560606060606
Eggum,1978,12,6.50469696969697
Eggum,1979,1,4.38651515151515
Eggum,1979,2,3.54111111111111
Eggum,1979,3,3.52651515151515
Eggum,1979,4,3.33893939393939
Eggum,1979,5,4.92030303030303
Eggum,1979,6,5.67262626262626
Eggum,1979,7,7.20893939393939
Eggum,1979,8,7.89853535353535
Eggum,1979,9,7.48075757575758
Eggum,1979,10,6.99666666666667
Eggum,1979,11,6.1729797979798
Eggum,1979,12,5.45742424242424
Eggum,1980,1,5.14587837837838
Eggum,1980,2,3.9570202020202
Eggum,1980,3,4.35732323232323
Eggum,1980,4,NaN
Eggum,1980,5,4.80944444444444
Eggum,1980,6,5.98075757575758
Eggum,1980,7,6.48242424242424
Eggum,1980,8,6.82510101010101
Eggum,1980,9,7.85444444444444
Eggum,1980,10,8.08449494949495
Eggum,1980,11,7.27085858585859
Eggum,1980,12,5.93520202020202
Eggum,1981,1,3.91075757575758
Eggum,1981,2,3.67242424242424
Eggum,1981,3,NaN
Eggum,1981,4,NaN
Eggum,1981,5,4.08242424242424
Eggum,1981,6,5.97752525252525
Eggum,1981,7,6.78919191919192
Eggum,1981,8,7.44247474747475
Eggum,1981,9,7.37287878787879
Eggum,1981,10,8.41494949494949
Eggum,1981,11,6.98858585858586
Eggum,1981,12,5.1639898989899
Eggum,1982,1,5.2389898989899
Eggum,1982,2,NaN
Eggum,1982,3,3.95631313131313
Eggum,1982,4,4.55454545454545
Eggum,1982,5,4.73020202020202
Eggum,1982,6,6.05171717171717
Eggum,1982,7,NaN
Eggum,1982,8,7.61737373737374
Eggum,1982,9,8.48424242424242
Eggum,1982,10,8.60262626262626
Eggum,1982,11,7.44464646464646
Eggum,1982,12,5.85767676767677
Eggum,1983,1,NaN
Eggum,1983,2,5.67818181818182
Eggum,1983,3,4.27318181818182
Eggum,1983,4,5.2299494949495
Eggum,1983,5,5.3410101010101
Eggum,1983,6,6.87146464646465
Eggum,1983,7,8.4759595959596
Eggum,1983,8,9.88252525252525
Eggum,1983,9,8.89520202020202
Eggum,1983,10,9.08888888888889
Eggum,1983,11,8.96075757575758
Eggum,1983,12,NaN
Eggum,1984,1,5.34323232323232
Eggum,1984,2,4.7669696969697
Eggum,1984,3,4.57777777777778
Eggum,1984,4,4.57828282828283
Eggum,1984,5,5.87434343434343
Eggum,1984,6,5.89565656565656
Eggum,1984,7,6.83878787878788
Eggum,1984,8,8.05979797979798
Eggum,1984,9,9.85671717171717
Eggum,1984,10,8.55817567567568
Eggum,1984,11,7.43040404040404
Eggum,1984,12,6.15914141414141
Eggum,1985,1,6.57848484848485
Eggum,1985,2,5.97080808080808
Eggum,1985,3,NaN
Eggum,1985,4,4.74343434343434
Eggum,1985,5,5.09722222222222
Eggum,1985,6,5.18585858585859
Eggum,1985,7,7.10146464646465
Eggum,1985,8,8.15065656565656
Eggum,1985,9,7.9430303030303
Eggum,1985,10,7.6510101010101
Eggum,1985,11,6.94151515151515
Eggum,1985,12,6.92131313131313
Eggum,1986,1,5.06792929292929
Eggum,1986,2,NaN
Eggum,1986,3,3.9810101010101
Eggum,1986,4,5.18409090909091
Eggum,1986,5,5.09156565656566
Eggum,1986,6,5.12464646464646
Eggum,1986,7,7.54837837837838
Eggum,1986,8,8.3360101010101
Eggum,1986,9,8.59328282828283
Eggum,1986,10,NaN
Eggum,1986,11,8.90212121212121
Eggum,1986,12,NaN
Eggum,1987,1,4.97863636363636
Eggum,1987,2,4.83651515151515
Eggum,1987,3,4.12217171717172
Eggum,1987,4,3.59166666666667
Eggum,1987,5,4.83308080808081
Eggum,1987,6,5.83787878787879
Eggum,1987,7,5.84030303030303
Eggum,1987,8,7.00813131313131
Eggum,1987,9,8.34338383838384
Eggum,1987,10,7.58237373737374
Eggum,1987,11,6.6640404040404
Eggum,1987,12,6.0129797979798
Eggum,1988,1,NaN
Eggum,1988,2,5.26712121212121
Eggum,1988,3,5.19464646464646
Eggum,1988,4,4.54707070707071
Eggum,1988,5,NaN
Eggum,1988,6,NaN
Eggum,1988,7,6.6920202020202
Eggum,1988,8,7.8880303030303
Eggum,1988,9,NaN
Eggum,1988,10,7.53262626262626
Eggum,1988,11,7.23323232323232
Eggum,1988,12,NaN
Eggum,1989,1,NaN
Eggum,1989,2,NaN
Eggum,1989,3,NaN
Eggum,1989,4,5.34873737373737
Eggum,1989,5,6.26287878787879
Eggum,1989,6,7.38868686868687
Eggum,1989,7,8.37439393939394
Eggum,1989,8,9.97116161616162
Eggum,1989,9,8.60010101010101
Eggum,1989,10,8.70464646464646
Eggum,1989,11,9.18020202020202
Eggum,1989,12,7.01388888888889
Eggum,1990,1,6.11414141414141
Eggum,1990,2,5.96424242424242
Eggum,1990,3,5.49434343434343
Eggum,1990,4,5.87510101010101
Eggum,1990,5,6.03651515151515
Eggum,1990,6,7.24525252525252
Eggum,1990,7,7.68272727272727
Eggum,1990,8,8.62959595959596
Eggum,1990,9,10.200101010101
Eggum,1990,10,9.52378787878788
Eggum,1990,11,8.59914141414141
Eggum,1990,12,6.94292929292929
Eggum,1991,1,6.38247474747475
Eggum,1991,2,5.97439393939394
Eggum,1991,3,4.70116161616162
Eggum,1991,4,5.40545454545455
Eggum,1991,5,6.06762626262626
Eggum,1991,6,NaN
Eggum,1991,7,8.38888888888889
Eggum,1991,8,9.25580808080808
Eggum,1991,9,9.75156565656566
Eggum,1991,10,9.48166666666667
Eggum,1991,11,8.81575757575758
Eggum,1991,12,6.94777777777778
Eggum,1992,1,6.22222222222222
Eggum,1992,2,6.01853535353535
Eggum,1992,3,5.52611111111111
Eggum,1992,4,5.15414141414141
Eggum,1992,5,5.84979797979798
Eggum,1992,6,NaN
Eggum,1992,7,8.50505050505051
Eggum,1992,8,9.39338383838384
Eggum,1992,9,9.5240404040404
Eggum,1992,10,9.59429292929293
Eggum,1992,11,8.44020202020202
Eggum,1992,12,7.07010101010101
Eggum,1993,1,6.48242424242424
Eggum,1993,2,6.03222222222222
Eggum,1993,3,5.27777777777778
Eggum,1993,4,4.76383838383838
Eggum,1993,5,5.1460101010101
Eggum,1993,6,6.63971717171717
Eggum,1993,7,8.028
Eggum,1993,8,8.44139393939394
Eggum,1993,9,9.83212121212121
Eggum,1993,10,9.84166666666667
Eggum,1993,11,NaN
Eggum,1993,12,6.76762626262626
Eggum,1994,1,4.96433838383838
Eggum,1994,2,4.47305555555556
Eggum,1994,3,4.07639393939394
Eggum,1994,4,4.24557575757576
Eggum,1994,5,5.08880303030303
Eggum,1994,6,6.39512121212121
Eggum,1994,7,7.70476262626263
Eggum,1994,8,8.55974747474747
Eggum,1994,9,8.28934343434343
Eggum,1994,10,8.05707575757576
Eggum,1994,11,6.94843434343434
Eggum,1994,12,6.13431313131313
Eggum,1995,1,5.06424747474747
Eggum,1995,2,4.85571717171717
Eggum,1995,3,4.80217676767677
Eggum,1995,4,4.83858585858586
Eggum,1995,5,5.40327272727273
Eggum,1995,6,7.03208585858586
Eggum,1995,7,7.80043939393939
Eggum,1995,8,8.30806060606061
Eggum,1995,9,9.0779696969697
Eggum,1995,10,7.69262121212121
Eggum,1995,11,7.07114141414141
Eggum,1995,12,6.62235858585858
Eggum,1996,1,5.45384343434343
Eggum,1996,2,4.6485101010101
Eggum,1996,3,3.99772222222222
Eggum,1996,4,4.16469191919192
Eggum,1996,5,5.39671717171717
Eggum,1996,6,6.93217676767677
Eggum,1996,7,7.71722727272727
Eggum,1996,8,9.02414646464646
Eggum,1996,9,9.43879797979798
Eggum,1996,10,8.93483333333333
Eggum,1996,11,7.45364646464646
Eggum,1996,12,6.32784848484848
Eggum,1997,1,5.60716666666667
Eggum,1997,2,5.06274242424242
Eggum,1997,3,4.68492929292929
Eggum,1997,4,4.337
Eggum,1997,5,5.08058585858586
Eggum,1997,6,6.77169191919192
Eggum,1997,7,7.43718686868687
Eggum,1997,8,8.9900303030303
Eggum,1997,9,9.20484343434343
Eggum,1997,10,8.69573232323232
Eggum,1997,11,8.14107070707071
Eggum,1997,12,6.50126262626263
Eggum,1998,1,5.62877777777778
Eggum,1998,2,4.58510606060606
Eggum,1998,3,4.90421212121212
Eggum,1998,4,5.00185858585859
Eggum,1998,5,5.59769696969697
Eggum,1998,6,6.31605555555555
Eggum,1998,7,7.6510404040404
Eggum,1998,8,9.03634848484849
Eggum,1998,9,8.84590909090909
Eggum,1998,10,9.80268181818182
Eggum,1998,11,7.67390404040404
Eggum,1998,12,6.79670202020202
Eggum,1999,1,5.95278787878788
Eggum,1999,2,5.12498484848485
Eggum,1999,3,4.76809595959596
Eggum,1999,4,4.80366666666667
Eggum,1999,5,5.87764141414142
Eggum,1999,6,7.18807070707071
Eggum,1999,7,8.39828282828283
Eggum,1999,8,9.27780303030303
Eggum,1999,9,9.08910101010101
Eggum,1999,10,9.29303535353535
Eggum,1999,11,8.22373232323232
Eggum,1999,12,6.89811616161616
Eggum,2000,1,6.46961616161616
Eggum,2000,2,5.33697474747475
Eggum,2000,3,5.19902525252525
Eggum,2000,4,5.15474747474748
Eggum,2000,5,5.79316666666667
Eggum,2000,6,6.96833333333333
Eggum,2000,7,7.93591919191919
Eggum,2000,8,8.46692424242424
Eggum,2000,9,9.71458080808081
Eggum,2000,10,9.54148484848485
Eggum,2000,11,9.08443939393939
Eggum,2000,12,7.37713636363636
Eggum,2001,1,7.35521717171717
Eggum,2001,2,6.03204545454545
Eggum,2001,3,4.34721717171717
Eggum,2001,4,4.41893939393939
Eggum,2001,5,5.64872222222222
Eggum,2001,6,6.88963636363636
Eggum,2001,7,8.62893434343434
Eggum,2001,8,8.63056565656566
Eggum,2001,9,8.71793939393939
Eggum,2001,10,9.39324747474748
Eggum,2001,11,9.16106565656566
Eggum,2001,12,8.13939393939394
Eggum,2002,1,6.17210101010101
Eggum,2002,2,5.21680303030303
Eggum,2002,3,4.69925757575758
Eggum,2002,4,5.5044898989899
Eggum,2002,5,6.50923737373737
Eggum,2002,6,8.07704545454545
Eggum,2002,7,9.56263131313131
Eggum,2002,8,10.1924444444444
Eggum,2002,9,9.43540909090909
Eggum,2002,10,9.4555202020202
Eggum,2002,11,8.18740404040404
Eggum,2002,12,7.03423737373737
Eggum,2003,1,4.62874242424242
Eggum,2003,2,4.2654797979798
Eggum,2003,3,5.19561616161616
Eggum,2003,4,5.12238888888889
Eggum,2003,5,5.88479292929293
Eggum,2003,6,7.17616666666667
Eggum,2003,7,8.82623737373737
Eggum,2003,8,9.08591919191919
Eggum,2003,9,9.78368686868687
Eggum,2003,10,9.77066666666667
Eggum,2003,11,7.40135858585859
Eggum,2003,12,6.27838383838384
Eggum,2004,1,5.55482323232323
Eggum,2004,2,5.38731818181818
Eggum,2004,3,NaN
Eggum,2004,4,5.79713636363636
Eggum,2004,5,6.47759090909091
Eggum,2004,6,7.20789393939394
Eggum,2004,7,8.2690505050505
Eggum,2004,8,8.92338888888889
Eggum,2004,9,9.58397474747475
Eggum,2004,10,NaN
Eggum,2004,11,8.48412626262626
Eggum,2004,12,7.18630303030303
Eggum,2005,1,6.26850505050505
Eggum,2005,2,6.41203535353535
Eggum,2005,3,5.26141414141414
Eggum,2005,4,5.74974242424242
Eggum,2005,5,6.44769696969697
Eggum,2005,6,7.5489797979798
Eggum,2005,7,9.14737373737374
Eggum,2005,8,9.10489898989899
Eggum,2005,9,8.94234343434344
Eggum,2005,10,9.02575757575757
Eggum,2005,11,9.09942424242424
Eggum,2005,12,7.62073737373737
Eggum,2006,1,6.95932828282828
Eggum,2006,2,6.06224242424242
Eggum,2006,3,5.48490404040404
Eggum,2006,4,5.11590909090909
Eggum,2006,5,6.79735858585859
Eggum,2006,6,7.9265
Eggum,2006,7,9.35189898989899
Eggum,2006,8,9.66158080808081
Eggum,2006,9,9.63644949494949
Eggum,2006,10,9.72446464646465
Eggum,2006,11,9.37612626262626
Eggum,2006,12,7.93466161616162
Eggum,2007,1,7.12913636363636
Eggum,2007,2,5.79107070707071
Eggum,2007,3,5.58419696969697
Eggum,2007,4,5.8729696969697
Eggum,2007,5,6.39329797979798
Eggum,2007,6,7.79492929292929
Eggum,2007,7,9.00283333333333
Eggum,2007,8,9.09913131313131
Eggum,2007,9,9.93708585858586
Eggum,2007,10,9.06194444444444
Eggum,2007,11,8.49058585858586
Eggum,2007,12,8.18698484848485
Eggum,2008,1,6.22181818181818
Eggum,2008,2,5.92465151515152
Eggum,2008,3,4.52414646464646
Eggum,2008,4,5.36767171717172
Eggum,2008,5,6.27616161616162
Eggum,2008,6,7.0014595959596
Eggum,2008,7,7.66328282828283
Eggum,2008,8,8.49392929292929
Eggum,2008,9,9.24984848484848
Eggum,2008,10,9.52128282828283
Eggum,2008,11,8.3140202020202
Eggum,2008,12,7.47887373737374
Eggum,2009,1,6.48309090909091
Eggum,2009,2,5.33009595959596
Eggum,2009,3,5.11312121212121
Eggum,2009,4,5.14370707070707
Eggum,2009,5,NaN
Eggum,2009,6,7.42741414141414
Eggum,2009,7,8.31731818181818
Eggum,2009,8,8.75963131313131
Eggum,2009,9,8.96378787878788
Eggum,2009,10,9.47623232323232
Eggum,2009,11,9.10029797979798
Eggum,2009,12,8.22326767676768
Eggum,2010,1,6.51080303030303
Eggum,2010,2,5.37492424242424
Eggum,2010,3,4.04886363636364
Eggum,2010,4,4.87078787878788
Eggum,2010,5,6.10384343434344
Eggum,2010,6,6.97142929292929
Eggum,2010,7,8.16261616161616
Eggum,2010,8,7.75227777777778
Eggum,2010,9,9.27855050505051
Eggum,2010,10,10.1890909090909
Eggum,2010,11,9.16391919191919
Eggum,2010,12,7.58327272727273
Eggum,2011,1,5.3025505050505
Eggum,2011,2,4.88193939393939
Eggum,2011,3,4.87930808080808
Eggum,2011,4,4.66011111111111
Eggum,2011,5,5.76431313131313
Eggum,2011,6,7.10832323232323
Eggum,2011,7,8.01939898989899
Eggum,2011,8,8.35214141414141
Eggum,2011,9,8.57835353535354
Eggum,2011,10,9.18700505050505
Eggum,2011,11,8.3180404040404
Eggum,2011,12,6.67103535353535
Eggum,2012,1,6.97472222222222
Eggum,2012,2,5.56888383838384
Eggum,2012,3,5.72551515151515
Eggum,2012,4,4.8619797979798
Eggum,2012,5,6.72558080808081
Eggum,2012,6,7.3914898989899
Eggum,2012,7,8.2065505050505
Eggum,2012,8,8.26179292929293
Eggum,2012,9,NaN
Eggum,2012,10,9.93977777777778
Eggum,2012,11,9.99125757575757
Eggum,2012,12,8.74460101010101
Eggum,2013,1,NaN
Eggum,2013,2,NaN
Eggum,2013,3,NaN
Eggum,2013,4,NaN
Eggum,2013,5,NaN
Eggum,2013,6,NaN
Eggum,2013,7,NaN
Eggum,2013,8,NaN
Eggum,2013,9,9.55988888888889
Eggum,2013,10,9.95402525252525
Eggum,2013,11,8.2359898989899
Eggum,2013,12,7.16779292929293
Eggum,2014,1,5.69591919191919
Eggum,2014,2,5.18627777777778
Eggum,2014,3,5.83880303030303
Eggum,2014,4,5.41521717171717
Eggum,2014,5,6.12727777777778
Eggum,2014,6,7.33459090909091
Eggum,2014,7,8.20184343434343
Eggum,2014,8,8.11813131313131
Eggum,2014,9,NaN
Eggum,2014,10,NaN
Eggum,2014,11,NaN
Eggum,2014,12,NaN
Eggum,2015,1,NaN
Eggum,2015,2,5.95500505050505
Eggum,2015,3,5.70013636363636
Eggum,2015,4,5.83757070707071
Eggum,2015,5,5.90364646464646
Eggum,2015,6,7.40830808080808
Eggum,2015,7,8.31533333333333
Eggum,2015,8,9.37423737373737
Eggum,2015,9,8.7980202020202
Eggum,2015,10,9.56258080808081
Eggum,2015,11,8.80233333333333
Eggum,2015,12,8.40386363636364
Eggum,2016,1,6.67063636363636
Eggum,2016,2,5.82531818181818
Eggum,2016,3,5.8479696969697
Eggum,2016,4,5.9919696969697
Eggum,2016,5,6.61257070707071
Eggum,2016,6,7.72473232323232
Eggum,2016,7,8.61211616161616
Eggum,2016,8,8.83674747474747
Eggum,2016,9,9.83731818181818
Eggum,2016,10,10.0197373737374
Eggum,2016,11,9.98128787878788
Eggum,2016,12,8.1130303030303
Eggum,2017,1,6.59908585858586
Eggum,2017,2,6.08659595959596
Eggum,2017,3,5.36097474747475
Eggum,2017,4,5.65283333333333
Eggum,2017,5,6.11902525252525
Eggum,2017,6,7.31327777777778
Eggum,2017,7,8.54958585858586
Eggum,2017,8,9.0874494949495
Eggum,2017,9,9.90730808080808
Eggum,2017,10,10.8570151515152
Eggum,2017,11,9.96292929292929
Eggum,2017,12,NaN
Eggum,2018,1,6.01228282828283
Eggum,2018,2,4.93881818181818
Eggum,2018,3,4.8060202020202
Eggum,2018,4,4.75602525252525
Eggum,2018,5,6.14985858585859
Eggum,2018,6,7.38485353535354
Eggum,2018,7,9.19890404040404
Eggum,2018,8,9.83967171717172
Eggum,2018,9,11.1995656565657
Eggum,2018,10,11.3101060606061
Eggum,2018,11,9.55227777777778
Eggum,2018,12,7.5214898989899
Eggum,2019,1,NaN
Eggum,2019,2,5.27942424242424
Eggum,2019,3,5.37565656565657
Eggum,2019,4,5.28084848484848
Eggum,2019,5,6.34224242424242
Eggum,2019,6,7.55512626262626
Eggum,2019,7,8.44568686868687
Eggum,2019,8,9.30968181818182
Eggum,2019,9,NaN
Eggum,2019,10,10.1890252525253
Eggum,2019,11,9.23385858585859
Eggum,2019,12,NaN
Eggum,2020,1,6.50676767676768
Eggum,2020,2,5.43655555555556
Eggum,2020,3,5.40682323232323
Eggum,2020,4,5.42100505050505
Eggum,2020,5,5.88661616161616
Eggum,2020,6,7.59197474747475
Eggum,2020,7,7.89689898989899
Eggum,2020,8,9.22649494949495
Eggum,2020,9,10.5781515151515
Eggum,2020,10,10.2524595959596
Eggum,2020,11,8.55430303030303
Eggum,2020,12,7.17933838383838
Ingoey,1940,1,4.96929292929293
Ingoey,1940,2,5.05661616161616
Ingoey,1940,3,3.04267676767677
Ingoey,1940,4,NaN
Ingoey,1940,5,4.36222222222222
Ingoey,1940,6,6.15722222222222
Ingoey,1940,7,6.79353535353535
Ingoey,1940,8,7.47762626262626
Ingoey,1940,9,8.53015151515151
Ingoey,1940,10,7.7690404040404
Ingoey,1940,11,7.0800505050505
Ingoey,1940,12,NaN
Ingoey,1941,1,4.79292929292929
Ingoey,1941,2,NaN
Ingoey,1941,3,3.71247474747475
Ingoey,1941,4,3.69631313131313
Ingoey,1941,5,3.50424242424242
Ingoey,1941,6,4.06555555555556
Ingoey,1941,7,6.13686868686869
Ingoey,1941,8,NaN
Ingoey,1941,9,7.85686868686869
Ingoey,1941,10,NaN
Ingoey,1941,11,NaN
Ingoey,1941,12,5.60606060606061
Ingoey,1942,1,NaN
Ingoey,1942,2,NaN
Ingoey,1942,3,3.5999494949495
Ingoey,1942,4,3.87020202020202
Ingoey,1942,5,3.61727272727273
Ingoey,1942,6,4.83232323232323
Ingoey,1942,7,5.84373737373737
Ingoey,1942,8,7.30227272727273
Ingoey,1942,9,6.71656565656566
Ingoey,1942,10,6.80388888888889
Ingoey,1942,11,5.57080808080808
Ingoey,1942,12,4.99070707070707
Ingoey,1943,1,4.97535353535353
Ingoey,1943,2,4.24146464646465
Ingoey,1943,3,3.66015151515152
Ingoey,1943,4,3.85373737373737
Ingoey,1943,5,5.09565656565657
Ingoey,1943,6,5.68141414141414
Ingoey,1943,7,6.96030303030303
Ingoey,1943,8,7.15611111111111
Ingoey,1943,9,7.83479797979798
Ingoey,1943,10,7.52575757575758
Ingoey,1943,11,6.51237373737374
Ingoey,1943,12,5.42883838383838
Ingoey,1944,1,NaN
Ingoey,1944,2,NaN
Ingoey,1944,3,4.24247474747475
Ingoey,1944,4,4.095
Ingoey,1944,5,NaN
Ingoey,1944,6,5.23691919191919
Ingoey,1944,7,6.8880303030303
Ingoey,1944,8,NaN
Ingoey,1944,9,7.68459595959596
Ingoey,1944,10,7.96570707070707
Ingoey,1944,11,6.86787878787879
Ingoey,1944,12,6.50772727272727
Ingoey,1945,1,NaN
Ingoey,1945,2,NaN
Ingoey,1945,3,NaN
Ingoey,1945,4,NaN
Ingoey,1945,5,NaN
Ingoey,1945,6,NaN
Ingoey,1945,7,NaN
Ingoey,1945,8,NaN
Ingoey,1945,9,8.27373737373737
Ingoey,1945,10,8.06318181818182
Ingoey,1945,11,NaN
Ingoey,1945,12,NaN
Ingoey,1946,1,NaN
Ingoey,1946,2,NaN
Ingoey,1946,3,NaN
Ingoey,1946,4,NaN
Ingoey,1946,5,NaN
Ingoey,1946,6,NaN
Ingoey,1946,7,NaN
Ingoey,1946,8,NaN
Ingoey,1946,9,NaN
Ingoey,1946,10,NaN
Ingoey,1946,11,NaN
Ingoey,1946,12,NaN
Ingoey,1947,1,NaN
Ingoey,1947,2,NaN
Ingoey,1947,3,NaN
Ingoey,1947,4,NaN
Ingoey,1947,5,NaN
Ingoey,1947,6,NaN
Ingoey,1947,7,NaN
Ingoey,1947,8,NaN
Ingoey,1947,9,NaN
Ingoey,1947,10,NaN
Ingoey,1947,11,NaN
Ingoey,1947,12,NaN
Ingoey,1948,1,NaN
Ingoey,1948,2,NaN
Ingoey,1948,3,NaN
Ingoey,1948,4,NaN
Ingoey,1948,5,NaN
Ingoey,1948,6,NaN
Ingoey,1948,7,NaN
Ingoey,1948,8,NaN
Ingoey,1948,9,NaN
Ingoey,1948,10,NaN
Ingoey,1948,11,NaN
Ingoey,1948,12,NaN
Ingoey,1949,1,NaN
Ingoey,1949,2,NaN
Ingoey,1949,3,NaN
Ingoey,1949,4,NaN
Ingoey,1949,5,NaN
Ingoey,1949,6,NaN
Ingoey,1949,7,NaN
Ingoey,1949,8,NaN
Ingoey,1949,9,NaN
Ingoey,1949,10,NaN
Ingoey,1949,11,NaN
Ingoey,1949,12,NaN
Ingoey,1950,1,NaN
Ingoey,1950,2,NaN
Ingoey,1950,3,NaN
Ingoey,1950,4,NaN
Ingoey,1950,5,NaN
Ingoey,1950,6,NaN
Ingoey,1950,7,NaN
Ingoey,1950,8,NaN
Ingoey,1950,9,NaN
Ingoey,1950,10,NaN
Ingoey,1950,11,7.28060606060606
Ingoey,1950,12,NaN
Ingoey,1951,1,NaN
Ingoey,1951,2,NaN
Ingoey,1951,3,NaN
Ingoey,1951,4,NaN
Ingoey,1951,5,NaN
Ingoey,1951,6,NaN
Ingoey,1951,7,NaN
Ingoey,1951,8,NaN
Ingoey,1951,9,NaN
Ingoey,1951,10,NaN
Ingoey,1951,11,NaN
Ingoey,1951,12,NaN
Ingoey,1952,1,NaN
Ingoey,1952,2,NaN
Ingoey,1952,3,NaN
Ingoey,1952,4,NaN
Ingoey,1952,5,NaN
Ingoey,1952,6,NaN
Ingoey,1952,7,NaN
Ingoey,1952,8,NaN
Ingoey,1952,9,NaN
Ingoey,1952,10,NaN
Ingoey,1952,11,NaN
Ingoey,1952,12,NaN
Ingoey,1953,1,NaN
Ingoey,1953,2,NaN
Ingoey,1953,3,NaN
Ingoey,1953,4,NaN
Ingoey,1953,5,NaN
Ingoey,1953,6,NaN
Ingoey,1953,7,NaN
Ingoey,1953,8,NaN
Ingoey,1953,9,NaN
Ingoey,1953,10,NaN
Ingoey,1953,11,NaN
Ingoey,1953,12,NaN
Ingoey,1954,1,NaN
Ingoey,1954,2,NaN
Ingoey,1954,3,NaN
Ingoey,1954,4,NaN
Ingoey,1954,5,NaN
Ingoey,1954,6,NaN
Ingoey,1954,7,NaN
Ingoey,1954,8,NaN
Ingoey,1954,9,NaN
Ingoey,1954,10,NaN
Ingoey,1954,11,NaN
Ingoey,1954,12,NaN
Ingoey,1955,1,NaN
Ingoey,1955,2,NaN
Ingoey,1955,3,NaN
Ingoey,1955,4,NaN
Ingoey,1955,5,NaN
Ingoey,1955,6,NaN
Ingoey,1955,7,NaN
Ingoey,1955,8,NaN
Ingoey,1955,9,NaN
Ingoey,1955,10,NaN
Ingoey,1955,11,NaN
Ingoey,1955,12,NaN
Ingoey,1956,1,NaN
Ingoey,1956,2,NaN
Ingoey,1956,3,NaN
Ingoey,1956,4,NaN
Ingoey,1956,5,NaN
Ingoey,1956,6,NaN
Ingoey,1956,7,NaN
Ingoey,1956,8,NaN
Ingoey,1956,9,NaN
Ingoey,1956,10,NaN
Ingoey,1956,11,NaN
Ingoey,1956,12,NaN
Ingoey,1957,1,NaN
Ingoey,1957,2,NaN
Ingoey,1957,3,NaN
Ingoey,1957,4,NaN
Ingoey,1957,5,NaN
Ingoey,1957,6,NaN
Ingoey,1957,7,NaN
Ingoey,1957,8,NaN
Ingoey,1957,9,NaN
Ingoey,1957,10,NaN
Ingoey,1957,11,NaN
Ingoey,1957,12,NaN
Ingoey,1958,1,NaN
Ingoey,1958,2,NaN
Ingoey,1958,3,NaN
Ingoey,1958,4,NaN
Ingoey,1958,5,NaN
Ingoey,1958,6,NaN
Ingoey,1958,7,NaN
Ingoey,1958,8,NaN
Ingoey,1958,9,NaN
Ingoey,1958,10,NaN
Ingoey,1958,11,NaN
Ingoey,1958,12,NaN
Ingoey,1959,1,NaN
Ingoey,1959,2,NaN
Ingoey,1959,3,NaN
Ingoey,1959,4,NaN
Ingoey,1959,5,NaN
Ingoey,1959,6,NaN
Ingoey,1959,7,NaN
Ingoey,1959,8,NaN
Ingoey,1959,9,NaN
Ingoey,1959,10,NaN
Ingoey,1959,11,NaN
Ingoey,1959,12,NaN
Ingoey,1960,1,NaN
Ingoey,1960,2,NaN
Ingoey,1960,3,NaN
Ingoey,1960,4,NaN
Ingoey,1960,5,NaN
Ingoey,1960,6,NaN
Ingoey,1960,7,NaN
Ingoey,1960,8,NaN
Ingoey,1960,9,NaN
Ingoey,1960,10,NaN
Ingoey,1960,11,NaN
Ingoey,1960,12,NaN
Ingoey,1961,1,NaN
Ingoey,1961,2,NaN
Ingoey,1961,3,NaN
Ingoey,1961,4,NaN
Ingoey,1961,5,NaN
Ingoey,1961,6,NaN
Ingoey,1961,7,NaN
Ingoey,1961,8,NaN
Ingoey,1961,9,NaN
Ingoey,1961,10,NaN
Ingoey,1961,11,NaN
Ingoey,1961,12,NaN
Ingoey,1962,1,NaN
Ingoey,1962,2,NaN
Ingoey,1962,3,NaN
Ingoey,1962,4,NaN
Ingoey,1962,5,NaN
Ingoey,1962,6,NaN
Ingoey,1962,7,NaN
Ingoey,1962,8,NaN
Ingoey,1962,9,NaN
Ingoey,1962,10,NaN
Ingoey,1962,11,NaN
Ingoey,1962,12,NaN
Ingoey,1963,1,NaN
Ingoey,1963,2,NaN
Ingoey,1963,3,NaN
Ingoey,1963,4,NaN
Ingoey,1963,5,NaN
Ingoey,1963,6,NaN
Ingoey,1963,7,NaN
Ingoey,1963,8,NaN
Ingoey,1963,9,NaN
Ingoey,1963,10,NaN
Ingoey,1963,11,NaN
Ingoey,1963,12,NaN
Ingoey,1964,1,NaN
Ingoey,1964,2,NaN
Ingoey,1964,3,NaN
Ingoey,1964,4,NaN
Ingoey,1964,5,NaN
Ingoey,1964,6,NaN
Ingoey,1964,7,NaN
Ingoey,1964,8,NaN
Ingoey,1964,9,NaN
Ingoey,1964,10,NaN
Ingoey,1964,11,NaN
Ingoey,1964,12,NaN
Ingoey,1965,1,NaN
Ingoey,1965,2,NaN
Ingoey,1965,3,NaN
Ingoey,1965,4,NaN
Ingoey,1965,5,NaN
Ingoey,1965,6,NaN
Ingoey,1965,7,NaN
Ingoey,1965,8,NaN
Ingoey,1965,9,NaN
Ingoey,1965,10,NaN
Ingoey,1965,11,NaN
Ingoey,1965,12,NaN
Ingoey,1966,1,NaN
Ingoey,1966,2,NaN
Ingoey,1966,3,NaN
Ingoey,1966,4,NaN
Ingoey,1966,5,NaN
Ingoey,1966,6,NaN
Ingoey,1966,7,NaN
Ingoey,1966,8,NaN
Ingoey,1966,9,NaN
Ingoey,1966,10,NaN
Ingoey,1966,11,NaN
Ingoey,1966,12,NaN
Ingoey,1967,1,NaN
Ingoey,1967,2,NaN
Ingoey,1967,3,NaN
Ingoey,1967,4,NaN
Ingoey,1967,5,NaN
Ingoey,1967,6,NaN
Ingoey,1967,7,NaN
Ingoey,1967,8,NaN
Ingoey,1967,9,NaN
Ingoey,1967,10,NaN
Ingoey,1967,11,NaN
Ingoey,1967,12,NaN
Ingoey,1968,1,NaN
Ingoey,1968,2,NaN
Ingoey,1968,3,NaN
Ingoey,1968,4,NaN
Ingoey,1968,5,NaN
Ingoey,1968,6,NaN
Ingoey,1968,7,NaN
Ingoey,1968,8,8.03994949494949
Ingoey,1968,9,NaN
Ingoey,1968,10,NaN
Ingoey,1968,11,NaN
Ingoey,1968,12,NaN
Ingoey,1969,1,5.02479797979798
Ingoey,1969,2,NaN
Ingoey,1969,3,3.68444444444444
Ingoey,1969,4,2.99328282828283
Ingoey,1969,5,3.9800505050505
Ingoey,1969,6,5.47308080808081
Ingoey,1969,7,6.13111111111111
Ingoey,1969,8,8.72035353535354
Ingoey,1969,9,8.10358585858586
Ingoey,1969,10,7.14737373737374
Ingoey,1969,11,5.59267676767677
Ingoey,1969,12,5.66237373737374
Ingoey,1970,1,5.20792929292929
Ingoey,1970,2,4.03262626262626
Ingoey,1970,3,3.69373737373737
Ingoey,1970,4,3.75888888888889
Ingoey,1970,5,4.77393939393939
Ingoey,1970,6,5.46515151515151
Ingoey,1970,7,6.99636363636364
Ingoey,1970,8,8.33106060606061
Ingoey,1970,9,8.86944444444444
Ingoey,1970,10,8.03686868686869
Ingoey,1970,11,6.86520202020202
Ingoey,1970,12,6.23737373737374
Ingoey,1971,1,4.36121212121212
Ingoey,1971,2,4.46545454545454
Ingoey,1971,3,3.6010101010101
Ingoey,1971,4,3.5609595959596
Ingoey,1971,5,4.20439393939394
Ingoey,1971,6,5.17146464646465
Ingoey,1971,7,NaN
Ingoey,1971,8,7.97909090909091
Ingoey,1971,9,7.83550505050505
Ingoey,1971,10,7.95207070707071
Ingoey,1971,11,NaN
Ingoey,1971,12,5.2190404040404
Ingoey,1972,1,5.1329797979798
Ingoey,1972,2,5.145
Ingoey,1972,3,NaN
Ingoey,1972,4,4.05414141414141
Ingoey,1972,5,4.66272727272727
Ingoey,1972,6,5.99166666666667
Ingoey,1972,7,8.21974747474748
Ingoey,1972,8,9.22444444444444
Ingoey,1972,9,8.14434343434343
Ingoey,1972,10,NaN
Ingoey,1972,11,6.5739898989899
Ingoey,1972,12,NaN
Ingoey,1973,1,NaN
Ingoey,1973,2,5.04616161616162
Ingoey,1973,3,4.555
Ingoey,1973,4,4.56530303030303
Ingoey,1973,5,5.29085858585859
Ingoey,1973,6,5.61363636363636
Ingoey,1973,7,6.97863636363636
Ingoey,1973,8,NaN
Ingoey,1973,9,9.53929292929293
Ingoey,1973,10,8.20146464646465
Ingoey,1973,11,6.28161616161616
Ingoey,1973,12,6.27560606060606
Ingoey,1974,1,4.5849494949495
Ingoey,1974,2,4.02717171717172
Ingoey,1974,3,4.93161616161616
Ingoey,1974,4,4.26080808080808
Ingoey,1974,5,4.32671717171717
Ingoey,1974,6,5.93863636363636
Ingoey,1974,7,6.665
Ingoey,1974,8,7.51126262626263
Ingoey,1974,9,8.50373737373737
Ingoey,1974,10,7.18454545454545
Ingoey,1974,11,NaN
Ingoey,1974,12,5.45823232323232
Ingoey,1975,1,NaN
Ingoey,1975,2,NaN
Ingoey,1975,3,5.0149494949495
Ingoey,1975,4,4.99126262626263
Ingoey,1975,5,5.27686868686869
Ingoey,1975,6,5.5940404040404
Ingoey,1975,7,6.66737373737374
Ingoey,1975,8,NaN
Ingoey,1975,9,8.19616161616162
Ingoey,1975,10,8.13575757575757
Ingoey,1975,11,7.15823232323232
Ingoey,1975,12,6.18813131313131
Ingoey,1976,1,4.68555555555556
Ingoey,1976,2,4.43959595959596
Ingoey,1976,3,4.0889898989899
Ingoey,1976,4,4.33060606060606
Ingoey,1976,5,4.29242424242424
Ingoey,1976,6,6.00161616161616
Ingoey,1976,7,6.79308080808081
Ingoey,1976,8,8.43520202020202
Ingoey,1976,9,7.99409090909091
Ingoey,1976,10,7.80818181818182
Ingoey,1976,11,6.71308080808081
Ingoey,1976,12,NaN
Ingoey,1977,1,NaN
Ingoey,1977,2,NaN
Ingoey,1977,3,NaN
Ingoey,1977,4,NaN
Ingoey,1977,5,NaN
Ingoey,1977,6,NaN
Ingoey,1977,7,NaN
Ingoey,1977,8,NaN
Ingoey,1977,9,NaN
Ingoey,1977,10,7.86560606060606
Ingoey,1977,11,6.28868686868687
Ingoey,1977,12,NaN
Ingoey,1978,1,NaN
Ingoey,1978,2,NaN
Ingoey,1978,3,NaN
Ingoey,1978,4,3.77121212121212
Ingoey,1978,5,3.44631313131313
Ingoey,1978,6,5.05171717171717
Ingoey,1978,7,6.00954545454545
Ingoey,1978,8,6.9389898989899
Ingoey,1978,9,NaN
Ingoey,1978,10,NaN
Ingoey,1978,11,NaN
Ingoey,1978,12,NaN
Ingoey,1979,1,3.80449494949495
Ingoey,1979,2,3.44626262626263
Ingoey,1979,3,3.23661616161616
Ingoey,1979,4,3.74929292929293
Ingoey,1979,5,3.98707070707071
Ingoey,1979,6,4.95873737373737
Ingoey,1979,7,6.51732323232323
Ingoey,1979,8,7.45131313131313
Ingoey,1979,9,6.68080808080808
Ingoey,1979,10,6.10328282828283
Ingoey,1979,11,5.30681818181818
Ingoey,1979,12,4.47914141414141
Ingoey,1980,1,4.3950505050505
Ingoey,1980,2,3.69510101010101
Ingoey,1980,3,3.09232323232323
Ingoey,1980,4,3.53979797979798
Ingoey,1980,5,4.79186868686869
Ingoey,1980,6,5.62055555555555
Ingoey,1980,7,6.84060606060606
Ingoey,1980,8,7.70166666666667
Ingoey,1980,9,7.42686868686869
Ingoey,1980,10,6.75959595959596
Ingoey,1980,11,5.96136363636364
Ingoey,1980,12,5.30015151515152
Ingoey,1981,1,NaN
Ingoey,1981,2,4.38989898989899
Ingoey,1981,3,3.33162162162162
Ingoey,1981,4,3.48454545454545
Ingoey,1981,5,3.69767676767677
Ingoey,1981,6,5.08126262626263
Ingoey,1981,7,6.22914141414141
Ingoey,1981,8,NaN
Ingoey,1981,9,7.3509595959596
Ingoey,1981,10,NaN
Ingoey,1981,11,NaN
Ingoey,1981,12,NaN
Ingoey,1982,1,4.15489898989899
Ingoey,1982,2,3.19176767676768
Ingoey,1982,3,3.40383838383838
Ingoey,1982,4,4.49030303030303
Ingoey,1982,5,4.92919191919192
Ingoey,1982,6,6.08378787878788
Ingoey,1982,7,7.12671717171717
Ingoey,1982,8,7.61383838383838
Ingoey,1982,9,7.51686868686869
Ingoey,1982,10,6.64363636363636
Ingoey,1982,11,6.38727272727273
Ingoey,1982,12,5.37530303030303
Ingoey,1983,1,NaN
Ingoey,1983,2,5.2989898989899
Ingoey,1983,3,4.31883838383838
Ingoey,1983,4,4.55757575757576
Ingoey,1983,5,5.48156565656566
Ingoey,1983,6,6.3409595959596
Ingoey,1983,7,7.65570707070707
Ingoey,1983,8,8.65782828282828
Ingoey,1983,9,7.73
Ingoey,1983,10,7.58873737373737
Ingoey,1983,11,NaN
Ingoey,1983,12,5.83272727272727
Ingoey,1984,1,4.34419191919192
Ingoey,1984,2,4.68424242424242
Ingoey,1984,3,3.69333333333333
Ingoey,1984,4,4.43313131313131
Ingoey,1984,5,4.83656565656566
Ingoey,1984,6,6.19
Ingoey,1984,7,7.23343434343434
Ingoey,1984,8,NaN
Ingoey,1984,9,8.47878787878788
Ingoey,1984,10,6.77858585858586
Ingoey,1984,11,5.31752525252525
Ingoey,1984,12,4.65348484848485
Ingoey,1985,1,5.38045454545454
Ingoey,1985,2,4.41358585858586
Ingoey,1985,3,4.11580808080808
Ingoey,1985,4,3.6790404040404
Ingoey,1985,5,4.56348484848485
Ingoey,1985,6,NaN
Ingoey,1985,7,6.21848484848485
Ingoey,1985,8,7.97989898989899
Ingoey,1985,9,7.5280303030303
Ingoey,1985,10,6.84676767676768
Ingoey,1985,11,6.0989898989899
Ingoey,1985,12,NaN
Ingoey,1986,1,4.3859595959596
Ingoey,1986,2,3.18661616161616
Ingoey,1986,3,3.34914141414141
Ingoey,1986,4,3.7729797979798
Ingoey,1986,5,NaN
Ingoey,1986,6,6.08474747474747
Ingoey,1986,7,NaN
Ingoey,1986,8,7.44313131313131
Ingoey,1986,9,7.49969696969697
Ingoey,1986,10,7.14449494949495
Ingoey,1986,11,6.44656565656566
Ingoey,1986,12,NaN
Ingoey,1987,1,3.88136363636364
Ingoey,1987,2,3.65656565656566
Ingoey,1987,3,3.48409090909091
Ingoey,1987,4,2.77247474747475
Ingoey,1987,5,3.68979797979798
Ingoey,1987,6,4.86075757575758
Ingoey,1987,7,5.71616161616162
Ingoey,1987,8,6.46338383838384
Ingoey,1987,9,7.39661616161616
Ingoey,1987,10,6.55767676767677
Ingoey,1987,11,6.28469696969697
Ingoey,1987,12,4.98186868686869
Ingoey,1988,1,4.06474747474747
Ingoey,1988,2,4.10191919191919
Ingoey,1988,3,NaN
Ingoey,1988,4,3.79515151515152
Ingoey,1988,5,4.39469696969697
Ingoey,1988,6,5.22767676767677
Ingoey,1988,7,6.78979797979798
Ingoey,1988,8,7.31075757575758
Ingoey,1988,9,6.98575757575757
Ingoey,1988,10,6.79626262626263
Ingoey,1988,11,5.83161616161616
Ingoey,1988,12,4.84015151515151
Ingoey,1989,1,4.72772727272727
Ingoey,1989,2,4.50126262626263
Ingoey,1989,3,4.96808080808081
Ingoey,1989,4,5.50939393939394
Ingoey,1989,5,6.06267676767677
Ingoey,1989,6,7.31015151515152
Ingoey,1989,7,8.22005050505051
Ingoey,1989,8,9.06090909090909
Ingoey,1989,9,6.88873737373737
Ingoey,1989,10,6.18479797979798
Ingoey,1989,11,5.64030303030303
Ingoey,1989,12,5.72959595959596
Ingoey,1990,1,4.91080808080808
Ingoey,1990,2,5.0769696969697
Ingoey,1990,3,4.8529797979798
Ingoey,1990,4,5.4660101010101
Ingoey,1990,5,5.7389898989899
Ingoey,1990,6,7.17767676767677
Ingoey,1990,7,8.6089898989899
Ingoey,1990,8,8.5820202020202
Ingoey,1990,9,9.14929292929293
Ingoey,1990,10,8.44257575757576
Ingoey,1990,11,7.55570707070707
Ingoey,1990,12,5.09090909090909
Ingoey,1991,1,5.76641414141414
Ingoey,1991,2,4.52676767676768
Ingoey,1991,3,3.9890404040404
Ingoey,1991,4,4.94060606060606
Ingoey,1991,5,5.14368686868687
Ingoey,1991,6,6.55085858585859
Ingoey,1991,7,8.25090909090909
Ingoey,1991,8,8.5290404040404
Ingoey,1991,9,8.6710101010101
Ingoey,1991,10,8.36308080808081
Ingoey,1991,11,7.02792929292929
Ingoey,1991,12,NaN
Ingoey,1992,1,5.0109595959596
Ingoey,1992,2,5.32313131313131
Ingoey,1992,3,4.8989898989899
Ingoey,1992,4,4.60742424242424
Ingoey,1992,5,5.73742424242424
Ingoey,1992,6,7.43181818181818
Ingoey,1992,7,8.01237373737374
Ingoey,1992,8,8.5819696969697
Ingoey,1992,9,8.3859595959596
Ingoey,1992,10,NaN
Ingoey,1992,11,6.48666666666667
Ingoey,1992,12,5.66333333333333
Ingoey,1993,1,5.18949494949495
Ingoey,1993,2,5.21520202020202
Ingoey,1993,3,NaN
Ingoey,1993,4,4.80590909090909
Ingoey,1993,5,5.23232323232323
Ingoey,1993,6,5.56958585858586
Ingoey,1993,7,6.49651515151515
Ingoey,1993,8,7.43786363636364
Ingoey,1993,9,8.8660101010101
Ingoey,1993,10,7.2379797979798
Ingoey,1993,11,NaN
Ingoey,1993,12,5.52979797979798
Ingoey,1994,1,4.76333838383838
Ingoey,1994,2,4.43440404040404
Ingoey,1994,3,3.8224696969697
Ingoey,1994,4,4.45869696969697
Ingoey,1994,5,4.4280404040404
Ingoey,1994,6,NaN
Ingoey,1994,7,7.19508080808081
Ingoey,1994,8,NaN
Ingoey,1994,9,7.64400505050505
Ingoey,1994,10,6.79225757575758
Ingoey,1994,11,6.23138383838384
Ingoey,1994,12,4.88577777777778
Ingoey,1995,1,5.17964646464647
Ingoey,1995,2,4.82531818181818
Ingoey,1995,3,3.88556565656566
Ingoey,1995,4,NaN
Ingoey,1995,5,5.16207070707071
Ingoey,1995,6,6.14218686868687
Ingoey,1995,7,6.94143939393939
Ingoey,1995,8,7.87276767676768
Ingoey,1995,9,8.63452525252525
Ingoey,1995,10,7.61315656565657
Ingoey,1995,11,6.49643939393939
Ingoey,1995,12,5.62601515151515
Ingoey,1996,1,NaN
Ingoey,1996,2,NaN
Ingoey,1996,3,NaN
Ingoey,1996,4,NaN
Ingoey,1996,5,4.14925757575758
Ingoey,1996,6,5.46132323232323
Ingoey,1996,7,6.74061616161616
Ingoey,1996,8,7.71108080808081
Ingoey,1996,9,8.40442424242424
Ingoey,1996,10,7.70765656565657
Ingoey,1996,11,5.75730808080808
Ingoey,1996,12,5.94871717171717
Ingoey,1997,1,5.2305101010101
Ingoey,1997,2,4.26152525252525
Ingoey,1997,3,3.93811616161616
Ingoey,1997,4,4.68756060606061
Ingoey,1997,5,4.62524242424242
Ingoey,1997,6,5.24790404040404
Ingoey,1997,7,6.63421212121212
Ingoey,1997,8,7.48035353535353
Ingoey,1997,9,NaN
Ingoey,1997,10,8.02980808080808
Ingoey,1997,11,7.86686868686869
Ingoey,1997,12,6.07377777777778
Ingoey,1998,1,5.59250505050505
Ingoey,1998,2,3.88378787878788
Ingoey,1998,3,NaN
Ingoey,1998,4,4.44763131313131
Ingoey,1998,5,5.37999494949495
Ingoey,1998,6,NaN
Ingoey,1998,7,NaN
Ingoey,1998,8,8.08937878787879
Ingoey,1998,9,8.60854545454545
Ingoey,1998,10,8.58715656565657
Ingoey,1998,11,6.41328787878788
Ingoey,1998,12,5.51545454545455
Ingoey,1999,1,5.88229292929293
Ingoey,1999,2,5.08291414141414
Ingoey,1999,3,4.76825252525253
Ingoey,1999,4,4.95019696969697
Ingoey,1999,5,5.23790909090909
Ingoey,1999,6,6.34159595959596
Ingoey,1999,7,7.11165656565657
Ingoey,1999,8,8.54287878787879
Ingoey,1999,9,7.96166161616162
Ingoey,1999,10,7.56125757575758
Ingoey,1999,11,7.13590404040404
Ingoey,1999,12,6.62091919191919
Ingoey,2000,1,5.43875757575758
Ingoey,2000,2,5.28073232323232
Ingoey,2000,3,4.16233838383838
Ingoey,2000,4,4.19928282828283
Ingoey,2000,5,5.05371212121212
Ingoey,2000,6,6.00810606060606
Ingoey,2000,7,7.09334848484848
Ingoey,2000,8,7.63148484848485
Ingoey,2000,9,NaN
Ingoey,2000,10,8.50332323232323
Ingoey,2000,11,8.33046464646464
Ingoey,2000,12,6.63167676767677
Ingoey,2001,1,6.69544949494949
Ingoey,2001,2,4.88464646464647
Ingoey,2001,3,5.19635353535354
Ingoey,2001,4,4.23387878787879
Ingoey,2001,5,4.81346464646465
Ingoey,2001,6,5.95820202020202
Ingoey,2001,7,7.0609898989899
Ingoey,2001,8,8.19387373737374
Ingoey,2001,9,8.17190404040404
Ingoey,2001,10,8.32034848484848
Ingoey,2001,11,7.79608080808081
Ingoey,2001,12,7.42144444444444
Ingoey,2002,1,5.67524747474747
Ingoey,2002,2,4.79413636363636
Ingoey,2002,3,4.07409090909091
Ingoey,2002,4,4.65307070707071
Ingoey,2002,5,5.62868686868687
Ingoey,2002,6,6.46697474747475
Ingoey,2002,7,8.46965656565656
Ingoey,2002,8,9.4164797979798
Ingoey,2002,9,8.9534696969697
Ingoey,2002,10,NaN
Ingoey,2002,11,NaN
Ingoey,2002,12,NaN
Ingoey,2003,1,5.04645454545455
Ingoey,2003,2,4.46230303030303
Ingoey,2003,3,4.99575757575758
Ingoey,2003,4,5.16427777777778
Ingoey,2003,5,5.73024242424242
Ingoey,2003,6,6.70562121212121
Ingoey,2003,7,7.2874797979798
Ingoey,2003,8,8.14273737373737
Ingoey,2003,9,9.99784848484848
Ingoey,2003,10,NaN
Ingoey,2003,11,7.21971212121212
Ingoey,2003,12,5.87331313131313
Ingoey,2004,1,5.15370202020202
Ingoey,2004,2,4.77629797979798
Ingoey,2004,3,4.64841414141414
Ingoey,2004,4,4.96266161616162
Ingoey,2004,5,5.98410101010101
Ingoey,2004,6,6.92535353535354
Ingoey,2004,7,7.70171212121212
Ingoey,2004,8,8.08977272727273
Ingoey,2004,9,8.62493434343434
Ingoey,2004,10,8.26138888888889
Ingoey,2004,11,7.33580303030303
Ingoey,2004,12,6.31379292929293
Ingoey,2005,1,6.34626767676768
Ingoey,2005,2,5.54028787878788
Ingoey,2005,3,4.98761111111111
Ingoey,2005,4,5.46378787878788
Ingoey,2005,5,5.60955555555556
Ingoey,2005,6,6.82293939393939
Ingoey,2005,7,7.37942424242424
Ingoey,2005,8,8.56251515151515
Ingoey,2005,9,8.21078787878788
Ingoey,2005,10,8.25694444444444
Ingoey,2005,11,7.69539393939394
Ingoey,2005,12,6.67556060606061
Ingoey,2006,1,6.61450505050505
Ingoey,2006,2,6.24196464646465
Ingoey,2006,3,5.07291919191919
Ingoey,2006,4,NaN
Ingoey,2006,5,6.41515151515151
Ingoey,2006,6,6.86560606060606
Ingoey,2006,7,7.85935353535353
Ingoey,2006,8,8.87245454545455
Ingoey,2006,9,8.83534848484849
Ingoey,2006,10,8.56049494949495
Ingoey,2006,11,8.1015101010101
Ingoey,2006,12,7.0814898989899
Ingoey,2007,1,6.3749898989899
Ingoey,2007,2,5.28407070707071
Ingoey,2007,3,5.11738383838384
Ingoey,2007,4,5.33458585858586
Ingoey,2007,5,5.63082323232323
Ingoey,2007,6,6.72430808080808
Ingoey,2007,7,7.62806565656566
Ingoey,2007,8,8.52694444444444
Ingoey,2007,9,9.03278282828283
Ingoey,2007,10,8.49631818181818
Ingoey,2007,11,7.66483333333333
Ingoey,2007,12,7.06808585858586
Ingoey,2008,1,6.01528787878788
Ingoey,2008,2,5.33886868686869
Ingoey,2008,3,5.13833838383838
Ingoey,2008,4,NaN
Ingoey,2008,5,NaN
Ingoey,2008,6,5.88605555555556
Ingoey,2008,7,NaN
Ingoey,2008,8,7.82522727272727
Ingoey,2008,9,8.65775757575758
Ingoey,2008,10,8.63935858585858
Ingoey,2008,11,7.53795454545454
Ingoey,2008,12,6.68617676767677
Ingoey,2009,1,5.78419191919192
Ingoey,2009,2,5.33655555555556
Ingoey,2009,3,4.5979797979798
Ingoey,2009,4,NaN
Ingoey,2009,5,5.48523232323232
Ingoey,2009,6,6.65380808080808
Ingoey,2009,7,7.37672727272727
Ingoey,2009,8,7.79087878787879
Ingoey,2009,9,NaN
Ingoey,2009,10,7.95385353535354
Ingoey,2009,11,7.82687373737374
Ingoey,2009,12,6.82812121212121
Ingoey,2010,1,6.11517676767677
Ingoey,2010,2,5.40329797979798
Ingoey,2010,3,4.44462626262626
Ingoey,2010,4,4.66225757575758
Ingoey,2010,5,5.53332828282828
Ingoey,2010,6,6.46771212121212
Ingoey,2010,7,7.26420202020202
Ingoey,2010,8,7.75229292929293
Ingoey,2010,9,8.86812626262626
Ingoey,2010,10,8.82807575757576
Ingoey,2010,11,8.03514646464646
Ingoey,2010,12,7.6235303030303
Ingoey,2011,1,5.43440909090909
Ingoey,2011,2,4.5285303030303
Ingoey,2011,3,4.50622222222222
Ingoey,2011,4,4.21722727272727
Ingoey,2011,5,5.2639393939394
Ingoey,2011,6,6.01926262626263
Ingoey,2011,7,6.72260101010101
Ingoey,2011,8,7.74119696969697
Ingoey,2011,9,8.29152525252525
Ingoey,2011,10,7.97992929292929
Ingoey,2011,11,7.18239898989899
Ingoey,2011,12,6.05477272727273
Ingoey,2012,1,6.48787878787879
Ingoey,2012,2,NaN
Ingoey,2012,3,NaN
Ingoey,2012,4,NaN
Ingoey,2012,5,NaN
Ingoey,2012,6,NaN
Ingoey,2012,7,NaN
Ingoey,2012,8,7.3964696969697
Ingoey,2012,9,7.93178787878788
Ingoey,2012,10,8.19364141414141
Ingoey,2012,11,NaN
Ingoey,2012,12,7.33272222222222
Ingoey,2013,1,NaN
Ingoey,2013,2,NaN
Ingoey,2013,3,NaN
Ingoey,2013,4,NaN
Ingoey,2013,5,NaN
Ingoey,2013,6,NaN
Ingoey,2013,7,NaN
Ingoey,2013,8,NaN
Ingoey,2013,9,NaN
Ingoey,2013,10,NaN
Ingoey,2013,11,6.95600505050505
Ingoey,2013,12,NaN
Ingoey,2014,1,5.81343434343434
Ingoey,2014,2,5.36254545454546
Ingoey,2014,3,4.71417171717172
Ingoey,2014,4,4.83245454545454
Ingoey,2014,5,5.69651515151515
Ingoey,2014,6,6.48619696969697
Ingoey,2014,7,NaN
Ingoey,2014,8,7.99869191919192
Ingoey,2014,9,NaN
Ingoey,2014,10,NaN
Ingoey,2014,11,NaN
Ingoey,2014,12,NaN
Ingoey,2015,1,5.68149494949495
Ingoey,2015,2,NaN
Ingoey,2015,3,5.15110101010101
Ingoey,2015,4,5.45021212121212
Ingoey,2015,5,5.4459595959596
Ingoey,2015,6,6.34111616161616
Ingoey,2015,7,7.40896875
Ingoey,2015,8,NaN
Ingoey,2015,9,8.75367171717172
Ingoey,2015,10,7.83930303030303
Ingoey,2015,11,7.16905555555556
Ingoey,2015,12,6.78774747474748
Ingoey,2016,1,6.13529797979798
Ingoey,2016,2,5.31869696969697
Ingoey,2016,3,5.14884848484849
Ingoey,2016,4,5.26369191919192
Ingoey,2016,5,5.48510606060606
Ingoey,2016,6,6.79100505050505
Ingoey,2016,7,NaN
Ingoey,2016,8,NaN
Ingoey,2016,9,9.06026767676768
Ingoey,2016,10,8.9139494949495
Ingoey,2016,11,8.12381818181818
Ingoey,2016,12,7.33865656565657
Ingoey,2017,1,5.87619696969697
Ingoey,2017,2,5.67767676767677
Ingoey,2017,3,4.9824898989899
Ingoey,2017,4,NaN
Ingoey,2017,5,5.41931818181818
Ingoey,2017,6,NaN
Ingoey,2017,7,7.71431313131313
Ingoey,2017,8,7.85143939393939
Ingoey,2017,9,NaN
Ingoey,2017,10,9.03397474747475
Ingoey,2017,11,8.33593939393939
Ingoey,2017,12,7.09837373737374
Ingoey,2018,1,6.36533838383838
Ingoey,2018,2,4.60909595959596
Ingoey,2018,3,NaN
Ingoey,2018,4,4.78573737373737
Ingoey,2018,5,4.98422222222222
Ingoey,2018,6,6.29587878787879
Ingoey,2018,7,7.81570202020202
Ingoey,2018,8,NaN
Ingoey,2018,9,8.41476767676768
Ingoey,2018,10,9.03911616161616
Ingoey,2018,11,8.66308585858586
Ingoey,2018,12,7.24259090909091
Ingoey,2019,1,NaN
Ingoey,2019,2,5.23305555555556
Ingoey,2019,3,4.04862121212121
Ingoey,2019,4,NaN
Ingoey,2019,5,5.30794949494949
Ingoey,2019,6,5.80570707070707
Ingoey,2019,7,7.05875757575758
Ingoey,2019,8,7.83492929292929
Ingoey,2019,9,9.35310101010101
Ingoey,2019,10,8.81609090909091
Ingoey,2019,11,8.38451515151515
Ingoey,2019,12,7.59907070707071
Ingoey,2020,1,5.44348484848485
Ingoey,2020,2,NaN
Ingoey,2020,3,5.09266666666667
Ingoey,2020,4,4.31166161616162
Ingoey,2020,5,5.58697474747475
Ingoey,2020,6,6.39372727272727
Ingoey,2020,7,7.26773737373737
Ingoey,2020,8,8.08657070707071
Ingoey,2020,9,8.22630303030303
Ingoey,2020,10,7.69282323232323
Ingoey,2020,11,6.84685353535354
Ingoey,2020,12,5.98609595959596
